"","s.1","s.2","s.3","index","stat","p.value"
"k__Bacteria;p__OP3;c__BD4-9;o__;f__;g__;s__.1",0,0,1,3,0.374581740630458,1e-04
"k__Bacteria;p__Bacteroidetes;c__[Saprospirae];o__[Saprospirales];bacI;bacI-B;bacI-B1",0,1,0,2,0.289997876764903,1e-04
"k__Bacteria;p__Actinobacteria;c__Actinobacteria;o__Actinomycetales;Luna1;Luna1-A;Luna1-A2",0,0,1,3,0.261026597496624,1e-04
"k__Bacteria;p__Proteobacteria;c__Alphaproteobacteria;o__Sphingomonadales;f__Sphingomonadaceae;g__Novosphingobium;s__stygium.1",0,0,1,3,0.317096660708157,1e-04
"k__Bacteria;p__Proteobacteria;c__Alphaproteobacteria;o__Sphingomonadales;alfIII;alfIII-A;Sphingo",0,0,1,3,0.131383323117685,1e-04
"k__Bacteria;p__Proteobacteria;c__Alphaproteobacteria;o__Sphingomonadales;f__Sphingomonadaceae;g__Novosphingobium;s__stygium.2",1,0,0,1,0.107563644418668,2e-04
"k__Bacteria;p__Proteobacteria;c__Alphaproteobacteria;o__Rhizobiales;alfI;alfI-B;alfI-B2",0,0,1,3,0.331826099777358,1e-04
"k__Bacteria;p__Actinobacteria;c__Actinobacteria;o__Actinomycetales;acI;acI-A;acI-A7",0,0,1,3,0.586490226997433,1e-04
"k__Bacteria;p__Proteobacteria;c__Betaproteobacteria;o__Burkholderiales;betI;betI-B;Rhodo",0,1,1,6,0.267056464425901,1e-04
"k__Bacteria;p__OP3;c__BD4-9;o__;f__;g__;s__.2",0,0,1,3,0.494144410527005,1e-04
"k__Bacteria;p__Proteobacteria;c__Gammaproteobacteria;o__Enterobacteriales;gamII;gamII-A;gamII-A1",1,0,0,1,0.186584260142278,1e-04
"k__Bacteria;p__OP3;c__BD4-9;o__;f__;g__;s__.3",0,0,1,3,0.48323765355798,1e-04
"k__Bacteria;p__Proteobacteria;c__Alphaproteobacteria;o__Sphingomonadales;f__Sphingomonadaceae;g__Sphingomonas;s__azotifigens",0,0,1,3,0.0771519118327409,0.0055
"k__Bacteria;p__Bacteroidetes;c__[Saprospirae];o__[Saprospirales];bacI;bacI-A;bacI-A1",1,1,0,4,0.418762727806478,1e-04
"k__Bacteria;p__Proteobacteria;c__Alphaproteobacteria;o__Rickettsiales;alfV;alfV-A;LD12",0,1,1,6,0.0836489433596909,0.0124
"k__Bacteria;p__Planctomycetes;c__Planctomycetia;o__Pirellulales;f__Pirellulaceae;g__;s__.1",0,0,1,3,0.487827349250272,1e-04
"k__Bacteria;p__Verrucomicrobia;c__[Spartobacteria];o__[Chthoniobacterales];f__[Chthoniobacteraceae];g__heteroC45_4W;s__.1",1,1,0,4,0.147096170981214,1e-04
"k__Bacteria;p__Proteobacteria;c__Betaproteobacteria;o__Burkholderiales;betII;Pnec;PnecC",0,1,0,2,0.289622575730008,1e-04
"k__Bacteria;p__Verrucomicrobia;c__[Spartobacteria];o__[Chthoniobacterales];f__[Chthoniobacteraceae];g__CandidatusXiphinematobacter;s__.1",0,1,1,6,0.211143576798116,1e-04
"k__Bacteria;p__Proteobacteria;c__Betaproteobacteria;o__Burkholderiales;betVII;betVII-B;betVII-B1",0,0,1,3,0.141513949487689,1e-04
"k__Bacteria;p__Proteobacteria;c__Betaproteobacteria;o__Burkholderiales;betIII;betIII-A;betIII-A1",1,0,0,1,0.359421104461825,1e-04
"k__Bacteria;p__Proteobacteria;c__Betaproteobacteria;o__Burkholderiales;betI;betI-A;Lhab-A1",1,0,0,1,0.492858468067706,1e-04
"k__Bacteria;p__Proteobacteria;c__Alphaproteobacteria;o__Sphingomonadales;alfIV;alfIV-A;Novo-A2",1,0,1,5,0.226068688866099,1e-04
"k__Bacteria;p__Proteobacteria;c__Gammaproteobacteria;o__Alteromonadales;f__Alteromonadaceae;g__Marinobacter;s__bryozoorum",1,1,0,4,0.190672416362818,1e-04
"k__Bacteria;p__Proteobacteria;c__Alphaproteobacteria;o__Sphingomonadales;f__Sphingomonadaceae;g__Novosphingobium;s__stygium.3",1,0,0,1,0.336266412890776,1e-04
"k__Bacteria;p__Verrucomicrobia;c__[Methylacidiphilae];o__S-BQ2-57;f__;g__;s__.1",0,1,0,2,0.279762071856866,1e-04
"k__Bacteria;p__Proteobacteria;c__Deltaproteobacteria;o__MIZ46;f__;g__;s__.2",1,1,0,4,0.146128173378627,1e-04
"k__Bacteria;p__Verrucomicrobia;c__Verrucomicrobiae;o__Verrucomicrobiales;f__Verrucomicrobiaceae;g__Luteolibacter;s__.2",0,0,1,3,0.357981375031014,1e-04
"k__Bacteria;p__OP3;c__BD4-9;o__;f__;g__;s__.7",0,0,1,3,0.402512052436553,1e-04
"k__Bacteria;p__Verrucomicrobia;c__[Methylacidiphilae];o__S-BQ2-57;f__;g__;s__.2",0,1,0,2,0.428661022092056,1e-04
"k__Bacteria;p__Verrucomicrobia;c__[Spartobacteria];o__[Chthoniobacterales];f__[Chthoniobacteraceae];g__heteroC45_4W;s__.2",0,1,0,2,0.245557460799079,1e-04
"k__Bacteria;p__Actinobacteria;c__Actinobacteria;o__Actinomycetales;acI;acI-B;acI-B3",1,0,0,1,0.671926843047061,1e-04
"k__Bacteria;p__Actinobacteria;c__Actinobacteria;o__Actinomycetales;acI;acI-B;acI-B2",1,1,0,4,0.497878088887895,1e-04
"k__Bacteria;p__Proteobacteria;c__Betaproteobacteria;o__Burkholderiales;betIII;betIII-A;betIII-A1.1",0,0,1,3,0.218408208425873,1e-04
"k__Bacteria;p__Proteobacteria;c__Alphaproteobacteria;o__Rhizobiales;alfI;alfI-B;alfI-B2.1",0,0,1,3,0.36665359170766,1e-04
"k__Bacteria;p__Verrucomicrobia;c__[Pedosphaerae];o__[Pedosphaerales];f__auto67_4W;g__;s__.1",0,1,0,2,0.106559550136432,3e-04
"k__Bacteria;p__Proteobacteria;c__Deltaproteobacteria;o__Syntrophobacterales;f__Syntrophaceae;g__Syntrophus;s__.2",0,0,1,3,0.5635550711192,1e-04
"k__Bacteria;p__Proteobacteria;c__Gammaproteobacteria;o__Pseudomonadales;gamIII;gamIII-A;Acin",1,0,1,5,0.0672877375267341,0.0301
"k__Bacteria;p__SR1;c__;o__;f__;g__;s__.1",0,1,1,6,0.202842602454293,1e-04
"k__Bacteria;p__Actinobacteria;c__Thermoleophilia;o__Gaiellales;f__;g__;s__.1",0,0,1,3,0.333172415042706,1e-04
"k__Bacteria;p__Proteobacteria;c__Alphaproteobacteria;o__Sphingomonadales;alfIV;alfIV-A;Novo-A1",1,1,0,4,0.120640517201103,1e-04
"k__Bacteria;p__Actinobacteria;c__Actinobacteria;o__Actinomycetales;acI;acI-A;Phila",1,0,0,1,0.353355190230912,1e-04
"k__Bacteria;p__Verrucomicrobia;c__Verrucomicrobiae;o__Verrucomicrobiales;f__Verrucomicrobiaceae;g__Luteolibacter;s__.3",0,1,0,2,0.285478743398887,1e-04
"k__Bacteria;p__Proteobacteria;c__Alphaproteobacteria;o__Rhizobiales;f__Methylocystaceae;g__;s__.1",0,0,1,3,0.269845531864595,1e-04
"k__Bacteria;p__Planctomycetes;c__Planctomycetia;o__Pirellulales;f__Pirellulaceae;g__;s__.2",0,0,1,3,0.462472940553674,1e-04
"k__Bacteria;p__Bacteroidetes;c__[Saprospirae];o__[Saprospirales];f__Chitinophagaceae;g__;s__.1",0,0,1,3,0.272778285874172,1e-04
"k__Bacteria;p__Proteobacteria;c__Gammaproteobacteria;o__Pseudomonadales;f__Pseudomonadaceae;g__Pseudomonas;s__veronii",0,1,0,2,0.0349612713744009,0.482
"k__Bacteria;p__Proteobacteria;c__Deltaproteobacteria;o__Bdellovibrionales;f__Bdellovibrionaceae;g__Bdellovibrio;s__.1",0,1,0,2,0.112248141954695,1e-04
"k__Bacteria;p__Verrucomicrobia;c__[Spartobacteria];o__[Chthoniobacterales];f__[Chthoniobacteraceae];g__;s__.1",0,0,1,3,0.266616709535132,1e-04
"k__Bacteria;p__Bacteroidetes;c__[Saprospirae];o__[Saprospirales];bacI;bacI-A;bacI-A2",0,1,0,2,0.136978915390147,1e-04
"k__Bacteria;p__Proteobacteria;c__Alphaproteobacteria;o__Rhodospirillales;f__Rhodospirillaceae;g__Telmatospirillum;s__siberiense",1,1,0,4,0.347587848563277,1e-04
"k__Bacteria;p__Bacteroidetes;c__[Saprospirae];o__[Saprospirales];bacI;bacI-A;bacI-A3",1,0,0,1,0.331449588530007,1e-04
"k__Bacteria;p__Acidobacteria;c__Holophagae;o__Holophagales;f__Holophagaceae;g__Geothrix;s__.1",0,1,0,2,0.225396651176135,1e-04
"k__Bacteria;p__Proteobacteria;c__Gammaproteobacteria;o__Pseudomonadales;gamIII;gamIII-A;Acin.1",0,0,1,3,0.0852852737464966,0.0089
"k__Bacteria;p__Proteobacteria;c__Gammaproteobacteria;o__Enterobacteriales;gamII;gamII-A;gamII-A2",1,0,0,1,0.135989230415223,1e-04
"k__Bacteria;p__Bacteroidetes;c__Bacteroidia;o__Bacteroidales;f__Porphyromonadaceae;g__Paludibacter;s__.1",0,1,0,2,0.157969310951531,1e-04
"k__Bacteria;p__Chlorobi;c__Chlorobia;o__Chlorobiales;f__Chlorobiaceae;g__;s__.1",0,1,0,2,0.431041763414264,1e-04
"k__Bacteria;p__Bacteroidetes;c__Sphingobacteriia;o__Sphingobacteriales;bacVI;bacVI-A;Muci",1,1,0,4,0.254579734942365,1e-04
"k__Bacteria;p__Verrucomicrobia;c__[Pedosphaerae];o__[Pedosphaerales];f__Ellin515;g__;s__.1",0,1,0,2,0.480172713762005,1e-04
"k__Bacteria;p__Actinobacteria;c__Actinobacteria;o__Actinomycetales;acSTL;acSTL-A;acSTL-A1",0,0,1,3,0.319683868775466,1e-04
"k__Bacteria;p__Verrucomicrobia;c__[Spartobacteria];o__[Chthoniobacterales];f__[Chthoniobacteraceae];g__CandidatusXiphinematobacter;s__.2",0,1,1,6,0.191358333955163,1e-04
"k__Bacteria;p__Proteobacteria;c__Betaproteobacteria;o__Burkholderiales;betII;Pnec;PnecA",1,0,0,1,0.175219437136607,1e-04
"k__Bacteria;p__Proteobacteria;c__Betaproteobacteria;o__Burkholderiales;betI;betI-A;Lhab-A3",0,0,1,3,0.364590400118031,1e-04
"k__Bacteria;p__Actinobacteria;c__Actinobacteria;o__Actinomycetales;f__ACK-M1;g__;s__.1",0,0,1,3,0.468338613136408,1e-04
"k__Bacteria;p__Chlamydiae;c__Chlamydiia;o__Chlamydiales;f__Parachlamydiaceae;g__Parachlamydia;s__acanthamoebae",1,1,0,4,0.0619705537749253,0.082
"k__Bacteria;p__Verrucomicrobia;c__[Spartobacteria];o__[Chthoniobacterales];f__[Chthoniobacteraceae];g__CandidatusXiphinematobacter;verI-B",0,0,1,3,0.261449667376152,1e-04
"k__Bacteria;p__Proteobacteria;c__Betaproteobacteria;o__Burkholderiales;betI;betI-A;Lhab-A4.1",1,0,0,1,0.540494215428382,1e-04
"k__Bacteria;p__OP3;c__BD4-9;o__;f__;g__;s__.13",0,0,1,3,0.490103749120222,1e-04
"k__Bacteria;p__Verrucomicrobia;c__[Spartobacteria];o__[Chthoniobacterales];f__[Chthoniobacteraceae];g__CandidatusXiphinematobacter;s__.3",0,1,1,6,0.145958144101545,1e-04
"k__Bacteria;p__Verrucomicrobia;c__[Spartobacteria];o__[Chthoniobacterales];f__[Chthoniobacteraceae];g__CandidatusXiphinematobacter;s__.4",1,0,0,1,0.485597549883799,1e-04
"k__Bacteria;p__Acidobacteria;c__Holophagae;o__Holophagales;f__Holophagaceae;g__Geothrix;s__.2",0,1,0,2,0.109056790826872,6e-04
"k__Bacteria;p__Verrucomicrobia;c__Opitutae;o__Opitutales;f__Opitutaceae;g__Opitutus;s__.1",1,0,1,5,0.213647434984168,1e-04
"k__Bacteria;p__Proteobacteria;c__Alphaproteobacteria;o__Rhizobiales;alfI;alfI-A;alfI-A1",1,0,0,1,0.312191577349929,1e-04
"k__Bacteria;p__Proteobacteria;c__Deltaproteobacteria;o__Syntrophobacterales;f__Syntrophaceae;g__Syntrophus;s__.4",0,0,1,3,0.463729507939526,1e-04
"k__Bacteria;p__Bacteroidetes;c__[Saprospirae];o__[Saprospirales];bacI;bacI-B;bacI-B1.1",0,1,0,2,0.284733073166666,1e-04
"k__Bacteria;p__Bacteroidetes;c__Flavobacteriia;o__Flavobacteriales;bacII;bacII-A;Flavo-A3.1",0,1,0,2,0.0822003573227587,0.01
"k__Bacteria;p__Verrucomicrobia;c__[Spartobacteria];o__[Chthoniobacterales];f__[Chthoniobacteraceae];g__;s__.2",1,0,0,1,0.0984098176178529,0.001
"k__Bacteria;p__Verrucomicrobia;c__Opitutae;o__Opitutales;f__Opitutaceae;g__Opitutus;s__.3",0,0,1,3,0.350507684621024,1e-04
"k__Bacteria;p__Proteobacteria;c__Betaproteobacteria;o__Methylophilales;betIV;betIV-A;LD28",1,0,0,1,0.323758310591726,1e-04
"k__Bacteria;p__Proteobacteria;c__Alphaproteobacteria;o__Rhizobiales;alfI;alfI-B;alfI-B1.1",1,0,0,1,0.472388560161027,1e-04
"k__Bacteria;p__Planctomycetes;c__Planctomycetia;o__Pirellulales;f__Pirellulaceae;g__;s__.4",0,0,1,3,0.459106944232231,1e-04
"k__Bacteria;p__Actinobacteria;c__Actinobacteria;o__WCHB1-81;f__At425_EubF1;g__;s__.2",0,0,1,3,0.42390606538527,1e-04
"k__Bacteria;p__Actinobacteria;c__Acidimicrobia;o__Acidimicrobiales;acV;acV-A;acV-A2",1,0,0,1,0.455603123781454,1e-04
"k__Bacteria;p__Proteobacteria;c__Betaproteobacteria;o__Burkholderiales;betI;betI-A;Lhab-A2",1,0,1,5,0.2829810943186,1e-04
"k__Bacteria;p__Proteobacteria;c__Alphaproteobacteria;o__Rickettsiales;f__;g__;s__.1",0,0,1,3,0.269992332327788,1e-04
"k__Bacteria;p__Actinobacteria;c__Acidimicrobia;o__Acidimicrobiales;f__;g__;s__.1",0,1,0,2,0.145051342434381,1e-04
"k__Bacteria;p__Bacteroidetes;c__[Saprospirae];o__[Saprospirales];f__Chitinophagaceae;g__;s__.4",1,0,0,1,0.376251366032936,1e-04
"k__Bacteria;p__Actinobacteria;c__Actinobacteria;o__Actinomycetales;f__;g__;s__.1",0,0,1,3,0.309290505130729,1e-04
"k__Bacteria;p__Bacteroidetes;c__[Saprospirae];o__[Saprospirales];f__Chitinophagaceae;g__;s__.5",0,1,0,2,0.324579044097635,1e-04
"k__Bacteria;p__Planctomycetes;c__Planctomycetia;o__Gemmatales;f__Gemmataceae;g__;s__.1",0,0,1,3,0.239363560641612,1e-04
"k__Bacteria;p__Actinobacteria;c__Actinobacteria;o__Actinomycetales;acI;acI-B;acI-B2.1",1,1,0,4,0.453278695664245,1e-04
"k__Bacteria;p__Proteobacteria;c__Deltaproteobacteria;o__Syntrophobacterales;f__Syntrophaceae;g__Syntrophus;s__.6",0,1,0,2,0.359117362384421,1e-04
"k__Bacteria;p__Verrucomicrobia;c__[Pedosphaerae];o__[Pedosphaerales];f__auto67_4W;g__;s__.7",0,1,0,2,0.344866385624554,1e-04
"k__Bacteria;p__Verrucomicrobia;c__[Spartobacteria];o__[Chthoniobacterales];f__[Chthoniobacteraceae];g__CandidatusXiphinematobacter;s__.6",0,0,1,3,0.161077394093311,1e-04
"k__Bacteria;p__Bacteroidetes;c__[Saprospirae];o__[Saprospirales];f__Chitinophagaceae;g__;s__.7",1,1,0,4,0.139307784766326,1e-04
"k__Bacteria;p__Bacteroidetes;c__[Saprospirae];o__[Saprospirales];bacI;bacI-A;bacI-A1.1",1,0,1,5,0.219228763736231,1e-04
"k__Bacteria;p__Elusimicrobia;c__Elusimicrobia;o__Elusimicrobiales;f__;g__;s__.2",0,1,0,2,0.298992490727461,1e-04
"k__Bacteria;p__Actinobacteria;c__Actinobacteria;o__Actinomycetales;acI;acI-A;acI-A4",0,0,1,3,0.395677185859575,1e-04
"k__Bacteria;p__Verrucomicrobia;c__[Spartobacteria];o__[Chthoniobacterales];f__[Chthoniobacteraceae];g__heteroC45_4W;s__.5",0,1,0,2,0.208340878453233,1e-04
"k__Bacteria;p__OP3;c__BD4-9;o__;f__;g__;s__.23",0,0,1,3,0.440090783313149,1e-04
"k__Bacteria;p__Actinobacteria;c__Actinobacteria;o__Actinomycetales;acI;acI-B;acI-B4",1,0,1,5,0.15093334896363,1e-04
"k__Bacteria;p__Actinobacteria;c__Actinobacteria;o__Actinomycetales;Luna1;Luna1-A;Luna1-A2.1",0,0,1,3,0.354883071892105,1e-04
"k__Bacteria;p__Actinobacteria;c__Acidimicrobia;o__Acidimicrobiales;acV;acV-A;acV-A1",1,1,0,4,0.296078244876458,1e-04
"k__Bacteria;p__Cyanobacteria;c__Synechococcophycideae;o__Synechococcales;f__Synechococcaceae;g__Synechococcus;s__.2",0,0,1,3,0.267101883408452,1e-04
"k__Bacteria;p__Bacteroidetes;c__Bacteroidia;o__Bacteroidales;f__Porphyromonadaceae;g__Paludibacter;s__.5",0,0,1,3,0.269059722908063,1e-04
"k__Bacteria;p__Proteobacteria;c__Deltaproteobacteria;o__Syntrophobacterales;f__Syntrophobacteraceae;g__Syntrophobacter;s__.1",0,0,1,3,0.423943928257853,1e-04
"k__Bacteria;p__Actinobacteria;c__Acidimicrobia;o__Acidimicrobiales;acV;acV-A;acV-A1.1",1,0,0,1,0.263495173845427,1e-04
"k__Bacteria;p__Actinobacteria;c__Actinobacteria;o__Actinomycetales;f__ACK-M1;g__;s__.2",0,0,1,3,0.38520862932097,1e-04
"k__Bacteria;p__Cyanobacteria;c__Synechococcophycideae;o__Synechococcales;f__Synechococcaceae;g__Synechococcus;s__.3",0,0,1,3,0.243730098726052,1e-04
"k__Bacteria;p__Actinobacteria;c__Acidimicrobia;o__Acidimicrobiales;acIV;acIV-D;Iamia",1,0,1,5,0.298955803806148,1e-04
"k__Bacteria;p__Bacteroidetes;c__[Saprospirae];o__[Saprospirales];f__Chitinophagaceae;g__;s__.12",1,0,0,1,0.233958256245468,1e-04
"k__Bacteria;p__Verrucomicrobia;c__[Pedosphaerae];o__[Pedosphaerales];f__Ellin515;g__;s__.3",0,0,1,3,0.459936202312207,1e-04
"k__Bacteria;p__Verrucomicrobia;c__[Pedosphaerae];o__[Pedosphaerales];f__Ellin515;g__;s__.4",0,0,1,3,0.306379615340725,1e-04
"k__Bacteria;p__OP3;c__PBS-25;o__;f__;g__;s__.4",0,0,1,3,0.365993398400444,1e-04
"k__Bacteria;p__Proteobacteria;c__Alphaproteobacteria;o__Rhodospirillales;f__Acetobacteraceae;g__;s__.3",0,1,0,2,0.177589549220341,1e-04
"k__Bacteria;p__Actinobacteria;c__Actinobacteria;o__Actinomycetales;acI;acI-A;acI-A1",1,0,1,5,0.324342298833267,1e-04
"k__Bacteria;p__Proteobacteria;c__Alphaproteobacteria;o__Sphingomonadales;f__Sphingomonadaceae;g__Novosphingobium;s__stygium.6",1,0,0,1,0.131441020813642,1e-04
"k__Bacteria;p__Verrucomicrobia;c__Opitutae;o__Opitutales;f__Opitutaceae;g__Opitutus;s__.8",1,0,1,5,0.230581467990312,1e-04
"k__Bacteria;p__Proteobacteria;c__Deltaproteobacteria;o__Syntrophobacterales;f__Syntrophorhabdaceae;g__;s__.2",0,0,1,3,0.457495561891907,1e-04
"k__Bacteria;p__Proteobacteria;c__Betaproteobacteria;o__Burkholderiales;betVII;betVII-A;betVII-A1.1",0,0,1,3,0.0802988261142916,0.0111
"k__Bacteria;p__Proteobacteria;c__Betaproteobacteria;o__undefined;betV;betV-A;betV-A1",0,0,1,3,0.184154588961402,1e-04
"k__Bacteria;p__Actinobacteria;c__Actinobacteria;o__Actinomycetales;acI;acI-B;acI-B3.1",1,1,0,4,0.185895062503866,1e-04
"k__Bacteria;p__Cyanobacteria;c__Synechococcophycideae;o__Synechococcales;f__Synechococcaceae;g__Synechococcus;s__.4",1,0,0,1,0.170681996540457,1e-04
"k__Bacteria;p__Proteobacteria;c__Deltaproteobacteria;o__Desulfobacterales;f__Desulfobacteraceae;g__Desulfofaba;s__.1",0,0,1,3,0.553723454201874,1e-04
"k__Bacteria;p__Verrucomicrobia;c__[Spartobacteria];o__[Chthoniobacterales];f__[Chthoniobacteraceae];g__CandidatusXiphinematobacter;s__.8",0,0,1,3,0.279013910344896,1e-04
"k__Bacteria;p__Actinobacteria;c__Actinobacteria;o__Actinomycetales;acI;acI-B;acI-B1",0,0,1,3,0.334322071883644,1e-04
"k__Bacteria;p__Chlorobi;c__SJA-28;o__;f__;g__;s__.1",0,0,1,3,0.502424322187206,1e-04
"k__Bacteria;p__Proteobacteria;c__Betaproteobacteria;o__Burkholderiales;betII;Pnec;PnecD",0,1,0,2,0.145971436270607,1e-04
"k__Bacteria;p__Proteobacteria;c__Alphaproteobacteria;o__Rhodospirillales;f__Rhodospirillaceae;g__Telmatospirillum;s__siberiense.7",0,1,0,2,0.316608421038345,1e-04
"k__Bacteria;p__Cyanobacteria;c__Synechococcophycideae;o__Synechococcales;f__Synechococcaceae;g__Synechococcus;s__.5",0,0,1,3,0.252519642025965,1e-04
"k__Bacteria;p__Actinobacteria;c__Acidimicrobia;o__Acidimicrobiales;acV;acV-A;acV-A2.1",1,1,0,4,0.402343930244147,1e-04
"k__Bacteria;p__Proteobacteria;c__Betaproteobacteria;o__Burkholderiales;betI;betI-A;Lhab-A2.1",1,0,0,1,0.200640530212882,1e-04
"k__Bacteria;p__Proteobacteria;c__Deltaproteobacteria;o__Syntrophobacterales;f__Syntrophaceae;g__Desulfomonile;s__.1",0,0,1,3,0.486149300004858,1e-04
"k__Bacteria;p__Proteobacteria;c__Deltaproteobacteria;o__Desulfuromonadales;f__Geobacteraceae;g__Geobacter;s__lovleyi",0,0,1,3,0.53363973669626,1e-04
"k__Bacteria;p__Verrucomicrobia;c__[Spartobacteria];o__[Chthoniobacterales];f__[Chthoniobacteraceae];g__heteroC45_4W;s__.8",1,0,0,1,0.128949777737556,1e-04
"k__Bacteria;p__Planctomycetes;c__Planctomycetia;o__Gemmatales;f__Gemmataceae;g__;s__.2",0,0,1,3,0.574305838018719,1e-04
"k__Bacteria;p__Proteobacteria;c__Alphaproteobacteria;o__Sphingomonadales;f__Sphingomonadaceae;g__Sphingomonas;s__.1",0,0,1,3,0.0960334004393113,2e-04
"k__Bacteria;p__Verrucomicrobia;c__Verrucomicrobiae;o__Verrucomicrobiales;f__Verrucomicrobiaceae;g__Prosthecobacter;s__debontii",1,1,0,4,0.0745765653151893,0.0187
"k__Bacteria;p__Chloroflexi;c__Anaerolineae;o__Anaerolineales;f__Anaerolinaceae;g__Bellilinea;s__.7",0,1,0,2,0.342656754109918,1e-04
"k__Bacteria;p__Actinobacteria;c__Actinobacteria;o__Actinomycetales;f__ACK-M1;g__;s__.5",1,0,1,5,0.208916189676395,1e-04
"k__Bacteria;p__Bacteroidetes;c__[Saprospirae];o__[Saprospirales];f__Chitinophagaceae;g__;s__.24",0,1,0,2,0.325899166474893,1e-04
"k__Bacteria;p__Firmicutes;c__Clostridia;o__Clostridiales;f__[Mogibacteriaceae];g__;s__.1",0,0,1,3,0.471975751191816,1e-04
"k__Bacteria;p__Actinobacteria;c__Actinobacteria;o__Actinomycetales;f__;g__;s__.5",0,0,1,3,0.380787926930623,1e-04
"k__Bacteria;p__Bacteroidetes;c__[Saprospirae];o__[Saprospirales];f__Chitinophagaceae;g__;s__.27",1,0,1,5,0.130843446407827,1e-04
"k__Bacteria;p__Cyanobacteria;c__Synechococcophycideae;o__Synechococcales;f__Synechococcaceae;g__Synechococcus;s__.8",0,0,1,3,0.243482946108918,1e-04
"k__Bacteria;p__Bacteroidetes;c__[Saprospirae];o__[Saprospirales];f__Chitinophagaceae;g__;s__.30",0,1,0,2,0.137411679738053,1e-04
"k__Bacteria;p__Proteobacteria;c__Alphaproteobacteria;o__Rhizobiales;f__Methylocystaceae;g__;s__.4",0,0,1,3,0.42089270195916,1e-04
"k__Bacteria;p__Actinobacteria;c__Actinobacteria;o__Actinomycetales;acI;acI-B;acI-B4.1",1,1,0,4,0.476707119172174,1e-04
"k__Bacteria;p__Proteobacteria;c__Alphaproteobacteria;o__Rhodospirillales;f__Acetobacteraceae;g__;s__.9",0,1,0,2,0.115464098427413,3e-04
"k__Bacteria;p__Verrucomicrobia;c__[Pedosphaerae];o__[Pedosphaerales];f__auto67_4W;g__;s__.17",0,1,0,2,0.287665124970424,1e-04
"k__Bacteria;p__Verrucomicrobia;c__Verrucomicrobiae;o__Verrucomicrobiales;f__Verrucomicrobiaceae;g__Luteolibacter;s__.5",0,1,1,6,0.338406271789971,1e-04
"k__Bacteria;p__Proteobacteria;c__Alphaproteobacteria;o__Sphingomonadales;f__Sphingomonadaceae;g__Sphingomonas;s__.5",0,0,1,3,0.07170882893165,0.0012
"k__Bacteria;p__Actinobacteria;c__Acidimicrobia;o__Acidimicrobiales;acV;acV-A;acV-A1.2",1,0,0,1,0.428711484395563,1e-04
"k__Bacteria;p__Armatimonadetes;c__[Fimbriimonadia];o__[Fimbriimonadales];f__[Fimbriimonadaceae];g__Fimbriimonas;s__.9",1,0,0,1,0.244272893096156,1e-04
"k__Bacteria;p__Proteobacteria;c__Betaproteobacteria;o__Procabacteriales;f__Procabacteriaceae;g__;s__.2",1,0,0,1,0.316322779336559,1e-04
"k__Bacteria;p__Acidobacteria;c__Solibacteres;o__Solibacterales;f__MVS-65;g__;s__.5",0,1,0,2,0.150023250805512,1e-04
"k__Bacteria;p__Verrucomicrobia;c__[Pedosphaerae];o__[Pedosphaerales];f__auto67_4W;g__;s__.18",0,1,0,2,0.32998739507076,1e-04
"k__Bacteria;p__Bacteroidetes;c__[Saprospirae];o__[Saprospirales];bacI;bacI-A;bacI-A2.1",1,0,1,5,0.321726959813954,1e-04
"k__Bacteria;p__Bacteroidetes;c__[Saprospirae];o__[Saprospirales];f__Chitinophagaceae;g__;s__.41",1,0,0,1,0.294097079085451,1e-04
"k__Bacteria;p__Bacteroidetes;c__[Saprospirae];o__[Saprospirales];f__Chitinophagaceae;g__;s__.42",1,1,0,4,0.192093461395664,1e-04
"k__Bacteria;p__Actinobacteria;c__Acidimicrobia;o__Acidimicrobiales;acV;acV-A;acV-A1.3",1,1,0,4,0.185082222251886,1e-04
"k__Bacteria;p__Actinobacteria;c__Actinobacteria;o__Actinobacteria;Luna1;Luna1-A;Luna1-A4",1,0,1,5,0.0674657846515174,0.0367
"k__Bacteria;p__Bacteroidetes;c__Sphingobacteriia;o__Sphingobacteriales;f__Sphingobacteriaceae;g__;s__.9",0,1,0,2,0.248113838579423,1e-04
"k__Bacteria;p__Bacteroidetes;c__[Saprospirae];o__[Saprospirales];f__Chitinophagaceae;g__;s__.44",0,1,0,2,0.39033388420486,1e-04
"k__Bacteria;p__Proteobacteria;c__Betaproteobacteria;o__Burkholderiales;betI;betI-A;Lhab-A2.2",0,1,1,6,0.0949025910414899,0.0024
"k__Bacteria;p__Bacteroidetes;c__[Saprospirae];o__[Saprospirales];f__Chitinophagaceae;g__;s__.46",1,0,1,5,0.15980677265704,1e-04
"k__Bacteria;p__Bacteroidetes;c__[Saprospirae];o__[Saprospirales];f__Chitinophagaceae;g__;s__.49",0,1,0,2,0.163690905507383,1e-04
"k__Bacteria;p__Bacteroidetes;c__[Saprospirae];o__[Saprospirales];f__Chitinophagaceae;g__;s__.53",1,0,0,1,0.147128741092073,1e-04
"k__Bacteria;p__Actinobacteria;c__Acidimicrobia;o__Acidimicrobiales;f__;g__;s__.7",1,1,0,4,0.227826226077527,1e-04
"k__Bacteria;p__Actinobacteria;c__Acidimicrobia;o__Acidimicrobiales;acV;acV-A;acV-A1.4",1,1,0,4,0.286806133528014,1e-04
"k__Bacteria;p__Chloroflexi;c__Anaerolineae;o__WCHB1-50;f__;g__;s__.7",0,1,1,6,0.289185854842496,1e-04
"k__Bacteria;p__Verrucomicrobia;c__[Pedosphaerae];o__[Pedosphaerales];f__[Pedosphaeraceae];g__Pedosphaera;s__.5",0,1,0,2,0.110677088218343,1e-04
"k__Bacteria;p__Armatimonadetes;c__[Fimbriimonadia];o__[Fimbriimonadales];f__[Fimbriimonadaceae];g__Fimbriimonas;s__.13",1,1,0,4,0.22177596421166,1e-04
"k__Bacteria;p__Bacteroidetes;c__[Saprospirae];o__[Saprospirales];f__Chitinophagaceae;g__;s__.55",0,1,0,2,0.197327921798056,1e-04
"k__Bacteria;p__Verrucomicrobia;c__[Spartobacteria];o__[Chthoniobacterales];f__[Chthoniobacteraceae];g__heteroC45_4W;s__.16",0,1,0,2,0.116383619018051,4e-04
"k__Bacteria;p__Proteobacteria;c__Alphaproteobacteria;o__Rhodospirillales;f__Rhodospirillaceae;g__Telmatospirillum;s__siberiense.17",0,1,0,2,0.123512850519992,1e-04
"k__Bacteria;p__Verrucomicrobia;c__Opitutae;o__Opitutales;f__Opitutaceae;g__Opitutus;s__.24",0,1,0,2,0.305163952543578,1e-04
"k__Bacteria;p__Actinobacteria;c__Actinobacteria;o__Actinomycetales;acI;acI-A;acI-A6",0,0,1,3,0.467190260541152,1e-04
"k__Bacteria;p__Proteobacteria;c__Betaproteobacteria;o__Burkholderiales;betII;Pnec;PnecA.1",1,1,0,4,0.0771375732199584,0.0225
"k__Bacteria;p__Proteobacteria;c__Alphaproteobacteria;o__Rhodospirillales;f__Acetobacteraceae;g__;s__.17",0,1,0,2,0.257227357610027,1e-04
"k__Bacteria;p__Actinobacteria;c__Thermoleophilia;o__Solirubrobacterales;f__;g__;s__.4",0,0,1,3,0.41247959457274,1e-04
"k__Bacteria;p__Proteobacteria;c__Gammaproteobacteria;o__Methylococcales;f__Methylococcaceae;g__Methylomicrobium;s__buryatense.3",0,0,1,3,0.215766544249865,1e-04
"k__Bacteria;p__Verrucomicrobia;c__[Spartobacteria];o__[Chthoniobacterales];f__[Chthoniobacteraceae];g__CandidatusXiphinematobacter;s__1",1,0,0,1,0.39032421388815,1e-04
"k__Bacteria;p__Verrucomicrobia;c__[Methylacidiphilae];o__S-BQ2-57;f__;g__;s__1",0,1,0,2,0.310165608874753,1e-04
"k__Bacteria;p__Planctomycetes;c__Planctomycetia;o__Pirellulales;f__Pirellulaceae;g__;s__1",0,0,1,3,0.625613106251586,1e-04
"k__Bacteria;p__OP3;c__BD4-9;o__;f__;g__;s__1",0,0,1,3,0.553052211651905,1e-04
"k__Bacteria;p__SR1;c__;o__;f__;g__;s__1",0,0,1,3,0.344577448349538,1e-04
"k__Bacteria;p__Verrucomicrobia;c__[Pedosphaerae];o__[Pedosphaerales];f__auto67_4W;g__;s__1",0,1,0,2,0.241189399743667,1e-04
"k__Bacteria;p__Bacteroidetes;c__[Saprospirae];o__[Saprospirales];bacI;bacI-B;bacI-B11",0,1,0,2,0.326540993252426,1e-04
"k__Bacteria;p__Verrucomicrobia;c__[Spartobacteria];o__[Chthoniobacterales];f__[Chthoniobacteraceae];g__;s__1",0,0,1,3,0.35566017931369,1e-04
"k__Bacteria;p__OP3;c__PBS-25;o__;f__;g__;s__1",0,0,1,3,0.393641681781485,1e-04
"k__Bacteria;p__Verrucomicrobia;c__Verrucomicrobiae;o__Verrucomicrobiales;f__Verrucomicrobiaceae;g__Luteolibacter;s__1",0,0,1,3,0.373624057974883,1e-04
"k__Bacteria;p__Proteobacteria;c__Betaproteobacteria;o__Burkholderiales;f__Alcaligenaceae;g__;s__1",0,1,1,6,0.221816242642277,1e-04
"k__Bacteria;p__Proteobacteria;c__Alphaproteobacteria;o__Sphingomonadales;f__Sphingomonadaceae;g__Novosphingobium;s__stygium1",1,0,0,1,0.266297361996713,1e-04
"k__Bacteria;p__Actinobacteria;c__Actinobacteria;o__Actinomycetales;Luna1;Luna1-A;Luna1-A21",0,0,1,3,0.349823374028837,1e-04
"k__Bacteria;p__Proteobacteria;c__Alphaproteobacteria;o__Sphingomonadales;alfIII;alfIII-A;Sphingo1",0,0,1,3,0.131128624744491,1e-04
"k__Bacteria;p__Acidobacteria;c__Holophagae;o__Holophagales;f__Holophagaceae;g__;s__1",0,1,0,2,0.523606745543527,1e-04
"k__Bacteria;p__TM6;c__SBRH58;o__;f__;g__;s__1",0,0,1,3,0.36358650173791,1e-04
"k__Bacteria;p__Proteobacteria;c__Alphaproteobacteria;o__Rhizobiales;alfI;alfI-B;alfI-B21",0,0,1,3,0.40219295617956,1e-04
"k__Bacteria;p__Actinobacteria;c__Actinobacteria;o__WCHB1-81;f__At425_EubF1;g__;s__1",0,0,1,3,0.487648121319918,1e-04
"k__Bacteria;p__Lentisphaerae;c__[Lentisphaeria];o__Victivallales;f__Victivallaceae;g__;s__1",0,0,1,3,0.414645861016402,1e-04
"k__Bacteria;p__Actinobacteria;c__Actinobacteria;o__Actinomycetales;acI;acI-A;acI-A71",0,0,1,3,0.586490226997433,1e-04
"k__Bacteria;p__Proteobacteria;c__Betaproteobacteria;o__Burkholderiales;betI;betI-B;Rhodo1",0,1,1,6,0.267056464425901,1e-04
"k__Bacteria;p__Proteobacteria;c__Deltaproteobacteria;o__Syntrophobacterales;f__Syntrophaceae;g__Syntrophus;s__1",0,0,1,3,0.514449365367525,1e-04
"k__Bacteria;p__Bacteroidetes;c__Bacteroidia;o__Bacteroidales;f__Porphyromonadaceae;g__Paludibacter;s__1",0,1,1,6,0.263295026012445,1e-04
"k__Bacteria;p__Verrucomicrobia;c__[Spartobacteria];o__[Chthoniobacterales];f__[Chthoniobacteraceae];g__heteroC45_4W;s__1",1,1,0,4,0.131139839063171,1e-04
"k__Bacteria;p__Proteobacteria;c__Gammaproteobacteria;o__Enterobacteriales;gamII;gamII-A;gamII-A11",1,0,0,1,0.176042792229614,1e-04
"k__Bacteria;p__Bacteroidetes;c__[Saprospirae];o__[Saprospirales];f__Chitinophagaceae;g__;s__1",1,1,0,4,0.377637152012025,1e-04
"k__Bacteria;p__Proteobacteria;c__Alphaproteobacteria;o__Sphingomonadales;f__Sphingomonadaceae;g__Sphingomonas;s__azotifigens1",0,0,1,3,0.0771519118327409,0.0055
"k__Bacteria;p__Proteobacteria;c__Alphaproteobacteria;o__Rhodospirillales;f__Rhodospirillaceae;g__Telmatospirillum;s__1",1,1,0,4,0.189230772590902,1e-04
"k__Bacteria;p__Bacteroidetes;c__Sphingobacteriia;o__Sphingobacteriales;f__Sphingobacteriaceae;g__;s__1",1,1,0,4,0.22129787469117,1e-04
"k__Bacteria;p__Proteobacteria;c__Betaproteobacteria;o__SBla14;f__;g__;s__1",0,1,0,2,0.144582464723709,1e-04
"k__Bacteria;p__Bacteroidetes;c__[Saprospirae];o__[Saprospirales];bacI;bacI-A;bacI-A11",1,0,0,1,0.347455037338058,1e-04
"k__Bacteria;p__Actinobacteria;c__Actinobacteria;o__Actinomycetales;f__Microbacteriaceae;g__Mycetocola;s__1",0,0,1,3,0.336546252781574,1e-04
"k__Bacteria;p__Proteobacteria;c__Alphaproteobacteria;o__Rickettsiales;alfV;alfV-A;LD121",0,1,1,6,0.0836489433596909,0.0124
"k__Bacteria;p__Acidobacteria;c__Holophagae;o__Holophagales;f__Holophagaceae;g__Geothrix;s__1",0,1,0,2,0.511050140938802,1e-04
"k__Bacteria;p__Proteobacteria;c__Deltaproteobacteria;o__MIZ46;f__;g__;s__1",1,1,0,4,0.154440839409336,1e-04
"k__Bacteria;p__Proteobacteria;c__Betaproteobacteria;o__Burkholderiales;betII;Pnec;PnecC1",0,1,0,2,0.289622575730008,1e-04
"k__Bacteria;p__Proteobacteria;c__Alphaproteobacteria;o__Rhizobiales;f__Bradyrhizobiaceae;g__Afipia;s__1",0,1,0,2,0.0204283660758006,0.7603
"k__Bacteria;p__Proteobacteria;c__Betaproteobacteria;o__Burkholderiales;betVII;betVII-B;betVII-B11",0,0,1,3,0.153287153866856,1e-04
"k__Bacteria;p__Proteobacteria;c__Betaproteobacteria;o__Burkholderiales;betIII;betIII-A;betIII-A11",1,0,0,1,0.195618930527968,1e-04
"k__Bacteria;p__Proteobacteria;c__Alphaproteobacteria;o__Rhizobiales;f__Methylocystaceae;g__;s__1",0,0,1,3,0.265471620076214,1e-04
"k__Bacteria;p__Proteobacteria;c__Betaproteobacteria;o__Burkholderiales;betI;betI-A;Lhab-A11",1,0,0,1,0.492858468067706,1e-04
"k__Bacteria;p__Proteobacteria;c__Alphaproteobacteria;o__Caulobacterales;f__Caulobacteraceae;g__;s__1",1,0,0,1,0.394387123151728,1e-04
"k__Bacteria;p__Elusimicrobia;c__Elusimicrobia;o__Elusimicrobiales;f__;g__;s__1",0,0,1,3,0.287973907697754,1e-04
"k__Bacteria;p__Proteobacteria;c__Alphaproteobacteria;o__Sphingomonadales;alfIV;alfIV-A;Novo-A21",0,0,1,3,0.233662495699453,1e-04
"k__Bacteria;p__Proteobacteria;c__Gammaproteobacteria;o__Alteromonadales;f__Alteromonadaceae;g__Marinobacter;s__bryozoorum1",1,1,0,4,0.190777786465089,1e-04
"k__Bacteria;p__Proteobacteria;c__Deltaproteobacteria;o__Bdellovibrionales;f__Bacteriovoracaceae;g__;s__1",0,0,1,3,0.338711296009711,1e-04
"k__Bacteria;p__Spirochaetes;c__[Leptospirae];o__[Leptospirales];f__Sediment-4;g__SJA-88;s__1",0,1,0,2,0.224471622423699,1e-04
"k__Bacteria;p__Acidobacteria;c__Solibacteres;o__Solibacterales;f__Solibacteraceae;g__CandidatusSolibacter;s__1",0,1,1,6,0.131623775844808,2e-04
"k__Bacteria;p__Proteobacteria;c__Deltaproteobacteria;o__Bdellovibrionales;f__Bdellovibrionaceae;g__Bdellovibrio;s__1",0,1,0,2,0.0915649929262553,0.0031
"k__Bacteria;p__Proteobacteria;c__Alphaproteobacteria;o__Rhizobiales;alfI;alfI-B;alfI-B11",1,0,0,1,0.47102627516491,1e-04
"k__Bacteria;p__Chlorobi;c__Chlorobia;o__Chlorobiales;f__Chlorobiaceae;g__;s__1",0,1,0,2,0.337199395648665,1e-04
"k__Bacteria;p__Actinobacteria;c__Actinobacteria;o__Actinomycetales;acI;acI-B;acI-B31",1,0,0,1,0.670370100661858,1e-04
"k__Bacteria;p__Actinobacteria;c__Actinobacteria;o__Actinomycetales;acI;acI-B;acI-B21",1,1,0,4,0.6130343333024,1e-04
"k__Bacteria;p__Proteobacteria;c__Deltaproteobacteria;o__Syntrophobacterales;f__Syntrophorhabdaceae;g__;s__1",0,0,1,3,0.551606155571942,1e-04
"k__Bacteria;p__Actinobacteria;c__Thermoleophilia;o__Gaiellales;f__;g__;s__1",0,0,1,3,0.432125380868524,1e-04
"k__Bacteria;p__Proteobacteria;c__Gammaproteobacteria;o__Pseudomonadales;gamIII;gamIII-A;Acin1",0,0,1,3,0.0875317303174153,0.0075
"k__Bacteria;p__Proteobacteria;c__Alphaproteobacteria;o__Ellin329;f__;g__;s__1",0,1,0,2,0.333547649367726,1e-04
"k__Bacteria;p__Proteobacteria;c__Alphaproteobacteria;o__Caulobacterales;alfII;alfII-A;Brev1",0,0,1,3,0.123004524410146,1e-04
"k__Bacteria;p__Proteobacteria;c__Alphaproteobacteria;o__Sphingomonadales;alfIV;alfIV-A;Novo-A11",1,1,0,4,0.122119111913882,1e-04
"k__Bacteria;p__Actinobacteria;c__Actinobacteria;o__Actinomycetales;acI;acI-A;Phila1",1,0,0,1,0.353355190230912,1e-04
"k__Bacteria;p__Proteobacteria;c__Deltaproteobacteria;o__Desulfobacterales;f__Desulfobulbaceae;g__Desulfobulbus;s__1",0,1,0,2,0.44555671370522,1e-04
"k__Bacteria;p__Proteobacteria;c__Gammaproteobacteria;o__Legionellales;f__Legionellaceae;g__Legionella;s__pneumophila1",1,0,0,1,0.132668440280083,1e-04
"k__Bacteria;p__Verrucomicrobia;c__Opitutae;o__Opitutales;f__Opitutaceae;g__Opitutus;s__1",1,0,1,5,0.259119636821515,1e-04
"k__Bacteria;p__Proteobacteria;c__Deltaproteobacteria;o__Myxococcales;f__Polyangiaceae;g__Chondromyces;s__1",0,0,1,3,0.272538383507767,1e-04
"k__Bacteria;p__Verrucomicrobia;c__Opitutae;o__[Cerasicoccales];f__[Cerasicoccaceae];g__Cerasicoccus;s__1",0,1,0,2,0.294138834198111,1e-04
"k__Bacteria;p__Verrucomicrobia;c__[Pedosphaerae];o__[Pedosphaerales];f__Ellin515;g__;s__1",0,1,1,6,0.385115097381507,1e-04
"k__Bacteria;p__Chloroflexi;c__Anaerolineae;o__Anaerolineales;f__Anaerolinaceae;g__Bellilinea;s__1",0,1,0,2,0.303210928335568,1e-04
"k__Bacteria;p__Proteobacteria;c__Gammaproteobacteria;o__Pseudomonadales;f__Pseudomonadaceae;g__Pseudomonas;s__veronii1",0,1,0,2,0.0349612713744009,0.482
"k__Bacteria;p__Bacteroidetes;c__[Saprospirae];o__[Saprospirales];bacI;bacI-A;bacI-A21",1,0,1,5,0.238257856279194,1e-04
"k__Bacteria;p__Proteobacteria;c__Alphaproteobacteria;o__Rhodospirillales;f__Rhodospirillaceae;g__Telmatospirillum;s__siberiense1",1,1,0,4,0.322241757090985,1e-04
"k__Bacteria;p__Proteobacteria;c__Alphaproteobacteria;o__Rickettsiales;f__Rickettsiaceae;g__Rickettsia;s__1",1,0,0,1,0.195209800760689,1e-04
"k__Bacteria;p__Bacteroidetes;c__[Saprospirae];o__[Saprospirales];bacI;bacI-A;bacI-A31",1,0,0,1,0.331449588530007,1e-04
"k__Bacteria;p__Verrucomicrobia;c__Verrucomicrobiae;o__Verrucomicrobiales;f__Verrucomicrobiaceae;g__Prosthecobacter;s__1",0,1,0,2,0.290669284206089,1e-04
"k__Bacteria;p__Proteobacteria;c__Gammaproteobacteria;o__Enterobacteriales;gamII;gamII-A;gamII-A21",1,0,0,1,0.135989230415223,1e-04
"k__Bacteria;p__Actinobacteria;c__Actinobacteria;o__Actinomycetales;f__ACK-M1;g__;s__1",1,0,1,5,0.14166751643101,1e-04
"k__Bacteria;p__Proteobacteria;c__Betaproteobacteria;o__Burkholderiales;betVII;betVII-A;betVII-A11",0,0,1,3,0.0883333229477483,0.003
"k__Bacteria;p__Bacteroidetes;c__Sphingobacteriia;o__Sphingobacteriales;bacVI;bacVI-A;Muci1",1,1,0,4,0.254579734942365,1e-04
"k__Bacteria;p__Cyanobacteria;c__Synechococcophycideae;o__Synechococcales;f__Synechococcaceae;g__Synechococcus;s__1",0,0,1,3,0.323155592560087,1e-04
"k__Bacteria;p__Proteobacteria;c__Gammaproteobacteria;o__Legionellales;f__Legionellaceae;g__;s__1",1,0,1,5,0.124184913040793,1e-04
"k__Bacteria;p__Actinobacteria;c__Actinobacteria;o__Actinomycetales;acSTL;acSTL-A;acSTL-A11",0,0,1,3,0.319683868775466,1e-04
"k__Bacteria;p__Bacteroidetes;c__Flavobacteriia;o__Flavobacteriales;bacII;bacII-A;Flavo-A31",0,1,0,2,0.0477871221125917,0.2402
"k__Bacteria;p__Proteobacteria;c__Deltaproteobacteria;o__Syntrophobacterales;f__Syntrophobacteraceae;g__Syntrophobacter;s__1",0,0,1,3,0.418062112928663,1e-04
"k__Bacteria;p__Bacteroidetes;c__[Saprospirae];o__[Saprospirales];f__;g__;s__1",0,1,0,2,0.247357742959051,1e-04
"k__Bacteria;p__Proteobacteria;c__Betaproteobacteria;o__Rhodocyclales;f__Rhodocyclaceae;g__Propionivibrio;s__1",0,1,0,2,0.182000759432147,1e-04
"k__Bacteria;p__Proteobacteria;c__Betaproteobacteria;o__Burkholderiales;betII;Pnec;PnecA1",1,1,0,4,0.16487924701292,1e-04
"k__Bacteria;p__Actinobacteria;c__OPB41;o__;f__;g__;s__1",0,0,1,3,0.31540090769099,1e-04
"k__Bacteria;p__TM6;c__SJA-4;o__;f__;g__;s__1",0,0,1,3,0.332693184128433,1e-04
"k__Bacteria;p__Proteobacteria;c__Alphaproteobacteria;o__Caulobacterales;f__Caulobacteraceae;g__Caulobacter;s__1",0,0,1,3,0.0533740172609622,0.1137
"k__Bacteria;p__Proteobacteria;c__Betaproteobacteria;o__Burkholderiales;betI;betI-A;Lhab-A41",1,0,0,1,0.538052972788162,1e-04
"k__Bacteria;p__Acidobacteria;c__Acidobacteriia;o__Acidobacteriales;f__Acidobacteriaceae;g__Acidobacterium;s__1",1,0,0,1,0.195646129502364,1e-04
"k__Bacteria;p__Proteobacteria;c__Betaproteobacteria;o__Burkholderiales;betI;betI-A;Lhab-A31",0,0,1,3,0.364590400118031,1e-04
"k__Bacteria;p__Actinobacteria;c__Actinobacteria;o__Actinomycetales;f__;g__;s__1",0,0,1,3,0.419565542969566,1e-04
"k__Bacteria;p__Chlamydiae;c__Chlamydiia;o__Chlamydiales;f__Parachlamydiaceae;g__Parachlamydia;s__acanthamoebae1",0,0,1,3,0.229201298483164,1e-04
"k__Bacteria;p__Verrucomicrobia;c__[Spartobacteria];o__[Chthoniobacterales];f__[Chthoniobacteraceae];g__CandidatusXiphinematobacter;verI-B1",0,0,1,3,0.261449667376152,1e-04
"k__Bacteria;p__Bacteroidetes;c__Sphingobacteriia;o__Sphingobacteriales;f__;g__;s__1",0,0,1,3,0.27891227360166,1e-04
"k__Bacteria;p__Proteobacteria;c__Alphaproteobacteria;o__Caulobacterales;f__Caulobacteraceae;g__Phenylobacterium;s__1",1,0,0,1,0.160000254660233,1e-04
"k__Bacteria;p__Actinobacteria;c__Actinobacteria;o__Actinomycetales;f__Mycobacteriaceae;g__Mycobacterium;s__llatzerense1",1,0,0,1,0.446961182397688,1e-04
"k__Bacteria;p__Proteobacteria;c__Betaproteobacteria;o__Burkholderiales;f__Oxalobacteraceae;g__Ralstonia;s__1",1,0,1,5,0.087858090505262,0.0046
"k__Bacteria;p__Proteobacteria;c__Alphaproteobacteria;o__Rhizobiales;alfI;alfI-A;alfI-A11",1,0,0,1,0.312075344231538,1e-04
"k__Bacteria;p__Planctomycetes;c__Phycisphaerae;o__Phycisphaerales;f__;g__;s__1",0,0,1,3,0.427984069613995,1e-04
"k__Bacteria;p__Proteobacteria;c__Alphaproteobacteria;o__Rickettsiales;f__;g__;s__1",0,0,1,3,0.326062738960806,1e-04
"k__Bacteria;p__Armatimonadetes;c__[Fimbriimonadia];o__[Fimbriimonadales];f__[Fimbriimonadaceae];g__Fimbriimonas;s__1",1,0,0,1,0.24683657054549,1e-04
"k__Bacteria;p__Proteobacteria;c__Betaproteobacteria;o__Burkholderiales;f__Oxalobacteraceae;g__Oxalobacter;s__1",1,0,1,5,0.120763088965035,4e-04
"k__Bacteria;p__Proteobacteria;c__Betaproteobacteria;o__Burkholderiales;f__Oxalobacteraceae;g__;s__1",0,0,1,3,0.102536186451027,1e-04
"k__Bacteria;p__OP8;c__OP8_1;o__HMMVPog-54;f__;g__;s__1",0,0,1,3,0.496588550863848,1e-04
"k__Bacteria;p__Proteobacteria;c__Deltaproteobacteria;o__Syntrophobacterales;f__Syntrophaceae;g__;s__1",0,0,1,3,0.503266783746334,1e-04
"k__Bacteria;p__Proteobacteria;c__Gammaproteobacteria;o__Methylococcales;f__Methylococcaceae;g__Methylomicrobium;s__buryatense1",0,0,1,3,0.202218396643332,1e-04
"k__Bacteria;p__Actinobacteria;c__Acidimicrobia;o__Acidimicrobiales;f__;g__;s__1",1,1,0,4,0.378643530602338,1e-04
"k__Bacteria;p__Firmicutes;c__Clostridia;o__Clostridiales;f__[Mogibacteriaceae];g__;s__1",0,0,1,3,0.463101975496296,1e-04
"k__Bacteria;p__Verrucomicrobia;c__[Pedosphaerae];o__[Pedosphaerales];f__[Pedosphaeraceae];g__Pedosphaera;s__1",0,1,0,2,0.122241944440804,1e-04
"k__Bacteria;p__Planctomycetes;c__Planctomycetia;o__Gemmatales;f__Gemmataceae;g__;s__1",0,0,1,3,0.57105176392205,1e-04
"k__Bacteria;p__Actinobacteria;c__Thermoleophilia;o__Solirubrobacterales;f__;g__;s__1",0,0,1,3,0.408572826341136,1e-04
"k__Bacteria;p__Proteobacteria;c__Betaproteobacteria;o__Methylophilales;betIV;betIV-A;LD281",1,0,0,1,0.323758310591726,1e-04
"k__Bacteria;p__Proteobacteria;c__Deltaproteobacteria;o__Desulfobacterales;f__Desulfobacteraceae;g__Desulfofaba;s__1",0,0,1,3,0.548312487274785,1e-04
"k__Bacteria;p__WS1;c__;o__;f__;g__;s__1",0,0,1,3,0.418951800337047,1e-04
"k__Bacteria;p__Proteobacteria;c__Alphaproteobacteria;o__Rickettsiales;f__Rickettsiaceae;g__;s__1",0,1,0,2,0.182412525492686,1e-04
"k__Bacteria;p__Planctomycetes;c__Planctomycetia;o__Gemmatales;f__Isosphaeraceae;g__Singulisphaera;s__1",0,0,1,3,0.246274292070481,1e-04
"k__Bacteria;p__Actinobacteria;c__Acidimicrobia;o__Acidimicrobiales;acV;acV-A;acV-A21",1,1,0,4,0.417736485523111,1e-04
"k__Bacteria;p__Proteobacteria;c__Betaproteobacteria;o__Burkholderiales;betI;betI-A;Lhab-A21",1,0,1,5,0.298694976632875,1e-04
"k__Bacteria;p__Fusobacteria;c__Fusobacteriia;o__Fusobacteriales;f__Fusobacteriaceae;g__u114;s__1",1,0,0,1,0.210149954653227,1e-04
"k__Bacteria;p__Acidobacteria;c__Solibacteres;o__Solibacterales;f__MVS-65;g__;s__1",0,1,0,2,0.152928742269943,1e-04
"k__Bacteria;p__Proteobacteria;c__Alphaproteobacteria;o__Rhodospirillales;f__Acetobacteraceae;g__;s__1",0,1,0,2,0.331935946661673,1e-04
"k__Bacteria;p__Actinobacteria;c__Actinobacteria;o__Actinomycetales;acI;acI-A;acI-A41",0,0,1,3,0.395677185859575,1e-04
"k__Bacteria;p__Chlorobi;c__SJA-28;o__;f__;g__;s__1",0,0,1,3,0.500567100560821,1e-04
"k__Bacteria;p__Actinobacteria;c__Actinobacteria;o__Actinomycetales;acI;acI-B;acI-B41",1,0,0,1,0.485707230650796,1e-04
"k__Bacteria;p__Chlorobi;c__Chlorobia;o__Chlorobiales;f__Chlorobiaceae;g__Prosthecochloris;s__1",0,1,0,2,0.123043258016047,1e-04
"k__Bacteria;p__Actinobacteria;c__Acidimicrobia;o__Acidimicrobiales;acV;acV-A;acV-A11",1,1,0,4,0.463702366817569,1e-04
"k__Bacteria;p__Proteobacteria;c__Epsilonproteobacteria;o__Campylobacterales;f__Helicobacteraceae;g__Sulfuricurvum;s__kujiense1",0,0,1,3,0.175437854782837,1e-04
"k__Bacteria;p__Actinobacteria;c__Acidimicrobia;o__Acidimicrobiales;acIV;acIV-D;Iamia1",1,0,1,5,0.298955803806148,1e-04
"k__Bacteria;p__Actinobacteria;c__Actinobacteria;o__Actinomycetales;acI;acI-A;acI-A11",1,0,1,5,0.324342298833267,1e-04
"k__Bacteria;p__Chloroflexi;c__Anaerolineae;o__envOPS12;f__;g__;s__1",0,1,1,6,0.220367799315185,1e-04
"k__Bacteria;p__Bacteroidetes;c__[Saprospirae];o__[Saprospirales];f__Chitinophagaceae;g__Sediminibacterium;s__1",1,1,0,4,0.0986620109808554,0.002
"k__Bacteria;p__Proteobacteria;c__Betaproteobacteria;o__undefined;betV;betV-A;betV-A11",0,0,1,3,0.184154588961402,1e-04
"k__Bacteria;p__Proteobacteria;c__Deltaproteobacteria;o__Syntrophobacterales;f__Syntrophaceae;g__Desulfomonile;s__1",0,0,1,3,0.499767390810118,1e-04
"k__Bacteria;p__Proteobacteria;c__Epsilonproteobacteria;o__Campylobacterales;f__Helicobacteraceae;g__Sulfurimonas;s__autotrophica1",0,1,0,2,0.216970524082179,1e-04
"k__Bacteria;p__Actinobacteria;c__Actinobacteria;o__Actinomycetales;acI;acI-B;acI-B11",0,0,1,3,0.334322071883644,1e-04
"k__Bacteria;p__Chloroflexi;c__Anaerolineae;o__GCA004;f__;g__;s__1",0,0,1,3,0.497989701400714,1e-04
"k__Bacteria;p__Proteobacteria;c__Betaproteobacteria;o__Burkholderiales;betII;Pnec;PnecD1",0,1,0,2,0.145971436270607,1e-04
"k__Bacteria;p__Chloroflexi;c__Anaerolineae;o__WCHB1-50;f__;g__;s__1",0,0,1,3,0.352453077555498,1e-04
"k__Bacteria;p__Proteobacteria;c__Deltaproteobacteria;o__Desulfuromonadales;f__Geobacteraceae;g__Geobacter;s__lovleyi1",0,0,1,3,0.53329207824053,1e-04
"k__Bacteria;p__Acidobacteria;c__Acidobacteriia;o__Acidobacteriales;f__Acidobacteriaceae;g__;s__1",0,1,0,2,0.274908272895586,1e-04
"k__Bacteria;p__Proteobacteria;c__Alphaproteobacteria;o__Sphingomonadales;f__Sphingomonadaceae;g__Sphingomonas;s__1",0,0,1,3,0.0856577564861094,1e-04
"k__Bacteria;p__Verrucomicrobia;c__Verrucomicrobiae;o__Verrucomicrobiales;f__Verrucomicrobiaceae;g__Prosthecobacter;s__debontii1",1,1,0,4,0.0742891502342507,0.0191
"k__Bacteria;p__Proteobacteria;c__Betaproteobacteria;o__Procabacteriales;f__Procabacteriaceae;g__;s__1",1,0,0,1,0.316125397175062,1e-04
"k__Bacteria;p__Proteobacteria;c__Epsilonproteobacteria;o__Campylobacterales;f__Helicobacteraceae;g__Sulfurimonas;s__1",0,1,0,2,0.258136516383289,1e-04
"k__Bacteria;p__Planctomycetes;c__Planctomycetia;o__Gemmatales;f__Isosphaeraceae;g__;s__1",0,0,1,3,0.327494993174154,1e-04
"k__Bacteria;p__Actinobacteria;c__Actinobacteria;o__Actinobacteria;Luna1;Luna1-A;Luna1-A41",1,0,1,5,0.0674803899521071,0.0367
"k__Bacteria;p__Actinobacteria;c__Actinobacteria;o__Actinomycetales;acI;acI-A;acI-A61",0,0,1,3,0.467190260541152,1e-04
"k__Bacteria;p__Verrucomicrobia;c__[Spartobacteria];o__[Chthoniobacterales];f__[Chthoniobacteraceae];g__CandidatusXiphinematobacter",1,0,0,1,0.379101591204547,1e-04
"k__Bacteria;p__Proteobacteria;c__Betaproteobacteria;o__Burkholderiales;betI;betI-A",1,0,0,1,0.564200407382284,1e-04
"k__Bacteria;p__Bacteroidetes;c__[Saprospirae];o__[Saprospirales];bacI;bacI-B",0,1,0,2,0.326540993252426,1e-04
"k__Bacteria;p__Verrucomicrobia;c__Verrucomicrobiae;o__Verrucomicrobiales;f__Verrucomicrobiaceae;g__Luteolibacter",0,0,1,3,0.373624057974883,1e-04
"k__Bacteria;p__Proteobacteria;c__Alphaproteobacteria;o__Sphingomonadales;f__Sphingomonadaceae;g__Novosphingobium",1,0,0,1,0.255813947142351,1e-04
"k__Bacteria;p__Actinobacteria;c__Actinobacteria;o__Actinomycetales;Luna1;Luna1-A",0,0,1,3,0.374429524087589,1e-04
"k__Bacteria;p__Proteobacteria;c__Alphaproteobacteria;o__Sphingomonadales;alfIII;alfIII-A",0,0,1,3,0.131128624744491,1e-04
"k__Bacteria;p__Proteobacteria;c__Alphaproteobacteria;o__Rhizobiales;alfI;alfI-B",1,0,1,5,0.392024653217994,1e-04
"k__Bacteria;p__Actinobacteria;c__Actinobacteria;o__Actinomycetales;acI;acI-A",1,0,1,5,0.380585862574966,1e-04
"k__Bacteria;p__Proteobacteria;c__Betaproteobacteria;o__Burkholderiales;betI;betI-B",0,1,1,6,0.267056464425901,1e-04
"k__Bacteria;p__Proteobacteria;c__Deltaproteobacteria;o__Syntrophobacterales;f__Syntrophaceae;g__Syntrophus",0,0,1,3,0.514449365367525,1e-04
"k__Bacteria;p__Bacteroidetes;c__Bacteroidia;o__Bacteroidales;f__Porphyromonadaceae;g__Paludibacter",0,1,1,6,0.263295026012445,1e-04
"k__Bacteria;p__Verrucomicrobia;c__[Spartobacteria];o__[Chthoniobacterales];f__[Chthoniobacteraceae];g__heteroC45_4W",1,1,0,4,0.131139839063171,1e-04
"k__Bacteria;p__Proteobacteria;c__Gammaproteobacteria;o__Enterobacteriales;gamII;gamII-A",1,0,0,1,0.196016184320184,1e-04
"k__Bacteria;p__Proteobacteria;c__Alphaproteobacteria;o__Sphingomonadales;f__Sphingomonadaceae;g__Sphingomonas",0,0,1,3,0.0975411820416497,1e-04
"k__Bacteria;p__Proteobacteria;c__Alphaproteobacteria;o__Rhodospirillales;f__Rhodospirillaceae;g__Telmatospirillum",1,1,0,4,0.305089242401645,1e-04
"k__Bacteria;p__Bacteroidetes;c__[Saprospirae];o__[Saprospirales];bacI;bacI-A",1,0,0,1,0.420254895845602,1e-04
"k__Bacteria;p__Actinobacteria;c__Actinobacteria;o__Actinomycetales;f__Microbacteriaceae;g__Mycetocola",0,0,1,3,0.336546252781574,1e-04
"k__Bacteria;p__Proteobacteria;c__Alphaproteobacteria;o__Rickettsiales;alfV;alfV-A",0,1,1,6,0.0836489433596909,0.0124
"k__Bacteria;p__Acidobacteria;c__Holophagae;o__Holophagales;f__Holophagaceae;g__Geothrix",0,1,0,2,0.511050140938802,1e-04
"k__Bacteria;p__Proteobacteria;c__Betaproteobacteria;o__Burkholderiales;betII;Pnec",1,1,0,4,0.298729427219979,1e-04
"k__Bacteria;p__Proteobacteria;c__Alphaproteobacteria;o__Rhizobiales;f__Bradyrhizobiaceae;g__Afipia",0,1,0,2,0.0204283660758006,0.7603
"k__Bacteria;p__Proteobacteria;c__Alphaproteobacteria;o__Rhizobiales;f__Methylobacteriaceae;g__Methylobacterium",0,0,1,3,0.145273709728752,1e-04
"k__Bacteria;p__Proteobacteria;c__Betaproteobacteria;o__Burkholderiales;betVII;betVII-B",0,0,1,3,0.153287153866856,1e-04
"k__Bacteria;p__Proteobacteria;c__Betaproteobacteria;o__Burkholderiales;betIII;betIII-A",1,0,0,1,0.197216883358111,1e-04
"k__Bacteria;p__Proteobacteria;c__Alphaproteobacteria;o__Sphingomonadales;alfIV;alfIV-A",1,1,0,4,0.0545391761401023,0.1437
"k__Bacteria;p__Proteobacteria;c__Gammaproteobacteria;o__Alteromonadales;f__Alteromonadaceae;g__Marinobacter",1,1,0,4,0.190777786465089,1e-04
"k__Bacteria;p__Proteobacteria;c__Gammaproteobacteria;o__Legionellales;f__Legionellaceae;g__Legionella",1,0,1,5,0.0950662652908121,0.0035
"k__Bacteria;p__Spirochaetes;c__[Leptospirae];o__[Leptospirales];f__Sediment-4;g__SJA-88",0,1,0,2,0.224471622423699,1e-04
"k__Bacteria;p__Acidobacteria;c__Solibacteres;o__Solibacterales;f__Solibacteraceae;g__CandidatusSolibacter",0,1,1,6,0.131623775844808,2e-04
"k__Bacteria;p__Proteobacteria;c__Deltaproteobacteria;o__Bdellovibrionales;f__Bdellovibrionaceae;g__Bdellovibrio",1,1,0,4,0.0861726231768087,0.0065
"k__Bacteria;p__Actinobacteria;c__Actinobacteria;o__Actinomycetales;acI;acI-B",1,0,0,1,0.622566268847571,1e-04
"k__Bacteria;p__Proteobacteria;c__Gammaproteobacteria;o__Pseudomonadales;gamIII;gamIII-A",0,0,1,3,0.0875317303174153,0.0075
"k__Bacteria;p__Proteobacteria;c__Alphaproteobacteria;o__Caulobacterales;alfII;alfII-A",0,0,1,3,0.123004524410146,1e-04
"k__Bacteria;p__Proteobacteria;c__Deltaproteobacteria;o__Desulfobacterales;f__Desulfobulbaceae;g__Desulfobulbus",0,1,0,2,0.44555671370522,1e-04
"k__Bacteria;p__Verrucomicrobia;c__Opitutae;o__Opitutales;f__Opitutaceae;g__Opitutus",1,0,1,5,0.259119636821515,1e-04
"k__Bacteria;p__Proteobacteria;c__Deltaproteobacteria;o__Myxococcales;f__Polyangiaceae;g__Chondromyces",0,0,1,3,0.272538383507767,1e-04
"k__Bacteria;p__Verrucomicrobia;c__Opitutae;o__[Cerasicoccales];f__[Cerasicoccaceae];g__Cerasicoccus",0,1,0,2,0.294138834198111,1e-04
"k__Bacteria;p__Chloroflexi;c__Anaerolineae;o__Anaerolineales;f__Anaerolinaceae;g__Bellilinea",0,1,0,2,0.303210928335568,1e-04
"k__Bacteria;p__Proteobacteria;c__Gammaproteobacteria;o__Pseudomonadales;f__Pseudomonadaceae;g__Pseudomonas",0,1,0,2,0.030095594899613,0.6982
"k__Bacteria;p__Proteobacteria;c__Betaproteobacteria;o__Methylophilales;betIV;betIV-A",1,0,0,1,0.296211001404783,1e-04
"k__Bacteria;p__Proteobacteria;c__Alphaproteobacteria;o__Rickettsiales;f__Rickettsiaceae;g__Rickettsia",1,0,0,1,0.195209800760689,1e-04
"k__Bacteria;p__Verrucomicrobia;c__Verrucomicrobiae;o__Verrucomicrobiales;f__Verrucomicrobiaceae;g__Prosthecobacter",0,1,0,2,0.29958049314405,1e-04
"k__Bacteria;p__Proteobacteria;c__Betaproteobacteria;o__Burkholderiales;betVII;betVII-A",0,0,1,3,0.0915293709156344,0.0019
"k__Bacteria;p__Bacteroidetes;c__Sphingobacteriia;o__Sphingobacteriales;bacVI;bacVI-A",1,1,0,4,0.254579734942365,1e-04
"k__Bacteria;p__Bacteroidetes;c__Cytophagia;o__Cytophagales;bacIII;bacIII-A",1,0,1,5,0.194839481187857,1e-04
"k__Bacteria;p__Cyanobacteria;c__Synechococcophycideae;o__Synechococcales;f__Synechococcaceae;g__Synechococcus",0,0,1,3,0.323155592560087,1e-04
"k__Bacteria;p__Actinobacteria;c__Actinobacteria;o__Actinomycetales;acTH2;Myco",0,0,1,3,0.522838835881343,1e-04
"k__Bacteria;p__Actinobacteria;c__Actinobacteria;o__Actinomycetales;acSTL;acSTL-A",0,0,1,3,0.319683868775466,1e-04
"k__Bacteria;p__Bacteroidetes;c__Flavobacteriia;o__Flavobacteriales;bacII;bacII-A",1,1,0,4,0.0806657281993326,0.0181
"k__Bacteria;p__Proteobacteria;c__Deltaproteobacteria;o__Syntrophobacterales;f__Syntrophobacteraceae;g__Syntrophobacter",0,0,1,3,0.418062112928663,1e-04
"k__Bacteria;p__Proteobacteria;c__Betaproteobacteria;o__Rhodocyclales;f__Rhodocyclaceae;g__Propionivibrio",0,1,0,2,0.182000759432147,1e-04
"k__Bacteria;p__Proteobacteria;c__Alphaproteobacteria;o__Caulobacterales;f__Caulobacteraceae;g__Caulobacter",0,0,1,3,0.0533740172609622,0.1137
"k__Bacteria;p__Acidobacteria;c__Acidobacteriia;o__Acidobacteriales;f__Acidobacteriaceae;g__Acidobacterium",1,0,0,1,0.195646129502364,1e-04
"k__Bacteria;p__Chlamydiae;c__Chlamydiia;o__Chlamydiales;f__Parachlamydiaceae;g__Parachlamydia",0,0,1,3,0.229201298483164,1e-04
"k__Bacteria;p__Proteobacteria;c__Alphaproteobacteria;o__Caulobacterales;f__Caulobacteraceae;g__Phenylobacterium",1,0,0,1,0.160000254660233,1e-04
"k__Bacteria;p__Actinobacteria;c__Actinobacteria;o__Actinomycetales;f__Mycobacteriaceae;g__Mycobacterium",1,0,0,1,0.439617573108848,1e-04
"k__Bacteria;p__Proteobacteria;c__Betaproteobacteria;o__Burkholderiales;f__Oxalobacteraceae;g__Ralstonia",1,0,1,5,0.087858090505262,0.0046
"k__Bacteria;p__Proteobacteria;c__Alphaproteobacteria;o__Rhizobiales;alfI;alfI-A",1,0,0,1,0.312075344231538,1e-04
"k__Bacteria;p__Armatimonadetes;c__[Fimbriimonadia];o__[Fimbriimonadales];f__[Fimbriimonadaceae];g__Fimbriimonas",1,0,0,1,0.24683657054549,1e-04
"k__Bacteria;p__Proteobacteria;c__Betaproteobacteria;o__Burkholderiales;f__Oxalobacteraceae;g__Oxalobacter",1,0,1,5,0.120763088965035,4e-04
"k__Bacteria;p__Proteobacteria;c__Gammaproteobacteria;o__Methylococcales;f__Methylococcaceae;g__Methylomicrobium",0,0,1,3,0.202218396643332,1e-04
"k__Bacteria;p__Verrucomicrobia;c__[Pedosphaerae];o__[Pedosphaerales];f__[Pedosphaeraceae];g__Pedosphaera",0,1,0,2,0.122241944440804,1e-04
"k__Bacteria;p__Proteobacteria;c__Deltaproteobacteria;o__Desulfobacterales;f__Desulfobacteraceae;g__Desulfofaba",0,0,1,3,0.548312487274785,1e-04
"k__Bacteria;p__Planctomycetes;c__Planctomycetia;o__Gemmatales;f__Isosphaeraceae;g__Singulisphaera",0,0,1,3,0.246274292070481,1e-04
"k__Bacteria;p__Actinobacteria;c__Acidimicrobia;o__Acidimicrobiales;acV;acV-A",1,1,0,4,0.460478765035934,1e-04
"k__Bacteria;p__Fusobacteria;c__Fusobacteriia;o__Fusobacteriales;f__Fusobacteriaceae;g__u114",1,0,0,1,0.210149954653227,1e-04
"k__Bacteria;p__Proteobacteria;c__Deltaproteobacteria;o__Desulfuromonadales;f__Geobacteraceae;g__Geobacter",0,0,1,3,0.523679631678223,1e-04
"k__Bacteria;p__Chlorobi;c__Chlorobia;o__Chlorobiales;f__Chlorobiaceae;g__Prosthecochloris",0,1,0,2,0.123043258016047,1e-04
"k__Bacteria;p__Proteobacteria;c__Epsilonproteobacteria;o__Campylobacterales;f__Helicobacteraceae;g__Sulfuricurvum",0,0,1,3,0.175437854782837,1e-04
"k__Bacteria;p__Actinobacteria;c__Acidimicrobia;o__Acidimicrobiales;acIV;acIV-D",1,0,1,5,0.298955803806148,1e-04
"k__Bacteria;p__Bacteroidetes;c__[Saprospirae];o__[Saprospirales];f__Chitinophagaceae;g__Sediminibacterium",1,1,0,4,0.0986620109808554,0.002
"k__Bacteria;p__Proteobacteria;c__Betaproteobacteria;o__undefined;betV;betV-A",0,0,1,3,0.184154588961402,1e-04
"k__Bacteria;p__Proteobacteria;c__Deltaproteobacteria;o__Syntrophobacterales;f__Syntrophaceae;g__Desulfomonile",0,0,1,3,0.499767390810118,1e-04
"k__Bacteria;p__Proteobacteria;c__Epsilonproteobacteria;o__Campylobacterales;f__Helicobacteraceae;g__Sulfurimonas",0,1,0,2,0.275406393153243,1e-04
"k__Bacteria;p__[Thermi];c__Deinococci;o__Deinococcales;f__Deinococcaceae;g__Deinococcus",0,0,1,3,0.0869591768563807,4e-04
"k__Bacteria;p__Proteobacteria;c__Alphaproteobacteria;o__Rhodospirillales;f__Acetobacteraceae;g__Acetobacter",0,1,0,2,0.284664399609238,1e-04
"k__Bacteria;p__Proteobacteria;c__Gammaproteobacteria;o__Pseudomonadales;f__Moraxellaceae;g__Enhydrobacter",0,0,1,3,0.0712334751696243,0.0106
"k__Bacteria;p__Proteobacteria;c__Alphaproteobacteria;o__Sphingomonadales;alfIV;alfIV-B",1,0,0,1,0.216835415277461,1e-04
"k__Bacteria;p__Actinobacteria;c__Actinobacteria;o__Actinobacteria;Luna1;Luna1-A",1,0,1,5,0.0674803899521071,0.0367
"k__Bacteria;p__Verrucomicrobia;c__[Spartobacteria];o__[Chthoniobacterales];f__[Chthoniobacteraceae]",1,0,0,1,0.558980276369424,1e-04
"k__Bacteria;p__Planctomycetes;c__Planctomycetia;o__Pirellulales;f__Pirellulaceae",0,0,1,3,0.625613106251586,1e-04
"k__Bacteria;p__Proteobacteria;c__Betaproteobacteria;o__Burkholderiales;betI",1,0,0,1,0.400569731652741,1e-04
"k__Bacteria;p__Proteobacteria;c__Gammaproteobacteria;o__Legionellales;f__Coxiellaceae",0,0,1,3,0.216147227275081,1e-04
"k__Bacteria;p__Verrucomicrobia;c__[Pedosphaerae];o__[Pedosphaerales];f__auto67_4W",0,1,0,2,0.241189399743667,1e-04
"k__Bacteria;p__Bacteroidetes;c__[Saprospirae];o__[Saprospirales];bacI",1,0,0,1,0.372622155093815,1e-04
"k__Bacteria;p__Firmicutes;c__Clostridia;o__Clostridiales;f__Veillonellaceae",0,1,0,2,0.274380568516567,1e-04
"k__Bacteria;p__Verrucomicrobia;c__Verrucomicrobiae;o__Verrucomicrobiales;f__Verrucomicrobiaceae",0,1,0,2,0.270097487806834,1e-04
"k__Bacteria;p__Proteobacteria;c__Betaproteobacteria;o__Burkholderiales;f__Alcaligenaceae",0,1,1,6,0.220508943642015,1e-04
"k__Bacteria;p__Proteobacteria;c__Alphaproteobacteria;o__Sphingomonadales;f__Sphingomonadaceae",1,0,1,5,0.0834016836599358,0.0055
"k__Bacteria;p__Actinobacteria;c__Actinobacteria;o__Actinomycetales;Luna1",0,0,1,3,0.374429524087589,1e-04
"k__Bacteria;p__Proteobacteria;c__Alphaproteobacteria;o__Sphingomonadales;alfIII",0,0,1,3,0.123554770122072,1e-04
"k__Bacteria;p__Acidobacteria;c__Holophagae;o__Holophagales;f__Holophagaceae",0,1,0,2,0.546628874662848,1e-04
"k__Bacteria;p__Proteobacteria;c__Alphaproteobacteria;o__Rhizobiales;alfI",1,0,1,5,0.393299030634845,1e-04
"k__Bacteria;p__Actinobacteria;c__Actinobacteria;o__WCHB1-81;f__At425_EubF1",0,0,1,3,0.487648121319918,1e-04
"k__Bacteria;p__Lentisphaerae;c__[Lentisphaeria];o__Victivallales;f__Victivallaceae",0,0,1,3,0.414645861016402,1e-04
"k__Bacteria;p__Actinobacteria;c__Actinobacteria;o__Actinomycetales;acI",1,0,0,1,0.596833640289985,1e-04
"k__Bacteria;p__Proteobacteria;c__Gammaproteobacteria;o__Methylococcales;gamI",0,1,0,2,0.341286246609978,1e-04
"k__Bacteria;p__Proteobacteria;c__Deltaproteobacteria;o__Syntrophobacterales;f__Syntrophaceae",0,0,1,3,0.572867144035884,1e-04
"k__Bacteria;p__Bacteroidetes;c__Bacteroidia;o__Bacteroidales;f__Porphyromonadaceae",0,1,1,6,0.26147475696097,1e-04
"k__Bacteria;p__Proteobacteria;c__Gammaproteobacteria;o__Enterobacteriales;gamII",1,0,0,1,0.196016184320184,1e-04
"k__Bacteria;p__Bacteroidetes;c__[Saprospirae];o__[Saprospirales];f__Chitinophagaceae",1,1,0,4,0.46674096152644,1e-04
"k__Bacteria;p__Proteobacteria;c__Alphaproteobacteria;o__Caulobacterales;f__Caulobacteraceae",1,0,0,1,0.321252291938208,1e-04
"k__Bacteria;p__Proteobacteria;c__Alphaproteobacteria;o__Rhodospirillales;f__Rhodospirillaceae",1,1,0,4,0.262042966701377,1e-04
"k__Bacteria;p__Bacteroidetes;c__Sphingobacteriia;o__Sphingobacteriales;f__Sphingobacteriaceae",1,1,0,4,0.142698529020985,1e-04
"k__Bacteria;p__Actinobacteria;c__Actinobacteria;o__Actinomycetales;f__Microbacteriaceae",1,0,1,5,0.106043763693387,8e-04
"k__Bacteria;p__Proteobacteria;c__Alphaproteobacteria;o__Rickettsiales;alfV",0,1,1,6,0.0836489433596909,0.0124
"k__Bacteria;p__Proteobacteria;c__Betaproteobacteria;o__Burkholderiales;betII",1,1,0,4,0.298729427219979,1e-04
"k__Bacteria;p__Proteobacteria;c__Alphaproteobacteria;o__Rhizobiales;f__Bradyrhizobiaceae",0,1,0,2,0.0204283660758006,0.7603
"k__Bacteria;p__Proteobacteria;c__Alphaproteobacteria;o__Rhizobiales;f__Methylobacteriaceae",0,0,1,3,0.104036659262778,1e-04
"k__Bacteria;p__Proteobacteria;c__Betaproteobacteria;o__Burkholderiales;betVII",0,0,1,3,0.322740433924171,1e-04
"k__Bacteria;p__Proteobacteria;c__Betaproteobacteria;o__Burkholderiales;betIII",1,0,0,1,0.197216883358111,1e-04
"k__Bacteria;p__Proteobacteria;c__Alphaproteobacteria;o__Rhizobiales;f__Methylocystaceae",0,0,1,3,0.265471620076214,1e-04
"k__Bacteria;p__Proteobacteria;c__Betaproteobacteria;o__Burkholderiales;f__Oxalobacteraceae",0,0,1,3,0.0880047275861399,0.0015
"k__Bacteria;p__Proteobacteria;c__Alphaproteobacteria;o__Sphingomonadales;alfIV",1,0,0,1,0.14915217485301,1e-04
"k__Bacteria;p__Proteobacteria;c__Gammaproteobacteria;o__Alteromonadales;f__Alteromonadaceae",1,1,0,4,0.190850903741871,1e-04
"k__Bacteria;p__Proteobacteria;c__Gammaproteobacteria;o__Legionellales;f__Legionellaceae",0,0,1,3,0.307265291735521,1e-04
"k__Bacteria;p__Proteobacteria;c__Deltaproteobacteria;o__Bdellovibrionales;f__Bacteriovoracaceae",0,0,1,3,0.285195033571422,1e-04
"k__Bacteria;p__Spirochaetes;c__[Leptospirae];o__[Leptospirales];f__Sediment-4",0,1,0,2,0.224471622423699,1e-04
"k__Bacteria;p__Acidobacteria;c__Solibacteres;o__Solibacterales;f__Solibacteraceae",0,1,1,6,0.115038946024179,4e-04
"k__Bacteria;p__Proteobacteria;c__Deltaproteobacteria;o__Bdellovibrionales;f__Bdellovibrionaceae",1,1,0,4,0.0861726231768087,0.0065
"k__Bacteria;p__Chlorobi;c__Chlorobia;o__Chlorobiales;f__Chlorobiaceae",0,1,0,2,0.338074704986004,1e-04
"k__Bacteria;p__Proteobacteria;c__Deltaproteobacteria;o__Syntrophobacterales;f__Syntrophorhabdaceae",0,0,1,3,0.551606155571942,1e-04
"k__Bacteria;p__Proteobacteria;c__Gammaproteobacteria;o__Pseudomonadales;gamIII",0,0,1,3,0.0875317303174153,0.0075
"k__Bacteria;p__Proteobacteria;c__Alphaproteobacteria;o__Caulobacterales;alfII",1,0,1,5,0.28879585352487,1e-04
"k__Bacteria;p__Proteobacteria;c__Betaproteobacteria;o__Burkholderiales;f__Comamonadaceae",0,1,1,6,0.376775709351852,1e-04
"k__Bacteria;p__Proteobacteria;c__Deltaproteobacteria;o__Desulfobacterales;f__Desulfobulbaceae",0,1,0,2,0.416255460774481,1e-04
"k__Bacteria;p__Verrucomicrobia;c__Opitutae;o__Opitutales;f__Opitutaceae",1,1,0,4,0.371344613715326,1e-04
"k__Bacteria;p__Proteobacteria;c__Betaproteobacteria;o__Methylophilales;f__Methylophilaceae",0,1,0,2,0.517079571567885,1e-04
"k__Bacteria;p__Proteobacteria;c__Alphaproteobacteria;o__Rhodospirillales;f__Acetobacteraceae",0,1,0,2,0.275512296163259,1e-04
"k__Bacteria;p__Proteobacteria;c__Gammaproteobacteria;o__Methylococcales;f__Methylococcaceae",1,0,1,5,0.299901001623959,1e-04
"k__Bacteria;p__Proteobacteria;c__Deltaproteobacteria;o__Myxococcales;f__Polyangiaceae",0,1,1,6,0.220558353657359,1e-04
"k__Bacteria;p__Verrucomicrobia;c__Opitutae;o__[Cerasicoccales];f__[Cerasicoccaceae]",0,1,0,2,0.294138834198111,1e-04
"k__Bacteria;p__Verrucomicrobia;c__[Pedosphaerae];o__[Pedosphaerales];f__Ellin515",0,1,1,6,0.385115097381507,1e-04
"k__Bacteria;p__Chloroflexi;c__Anaerolineae;o__Anaerolineales;f__Anaerolinaceae",0,1,1,6,0.316052684016198,1e-04
"k__Bacteria;p__Acidobacteria;c__Acidobacteriia;o__Acidobacteriales;f__Acidobacteriaceae",0,1,0,2,0.370680425940471,1e-04
"k__Bacteria;p__Proteobacteria;c__Gammaproteobacteria;o__Pseudomonadales;f__Pseudomonadaceae",0,1,0,2,0.0302369242890535,0.6916
"k__Bacteria;p__Proteobacteria;c__Betaproteobacteria;o__Methylophilales;betIV",1,0,0,1,0.296211001404783,1e-04
"k__Bacteria;p__Proteobacteria;c__Betaproteobacteria;o__Rhodocyclales;f__Rhodocyclaceae",0,1,0,2,0.190382515689598,1e-04
"k__Bacteria;p__Proteobacteria;c__Alphaproteobacteria;o__Rickettsiales;f__Rickettsiaceae",1,1,0,4,0.184730413797448,1e-04
"k__Bacteria;p__Firmicutes;c__Clostridia;o__Clostridiales;f__Clostridiaceae",0,1,0,2,0.142359425567199,1e-04
"k__Bacteria;p__Proteobacteria;c__Alphaproteobacteria;o__Rhodobacterales;alfVI",0,0,1,3,0.40254851598987,1e-04
"k__Bacteria;p__Proteobacteria;c__Gammaproteobacteria;o__Pseudomonadales;f__Moraxellaceae",0,0,1,3,0.076523322416632,0.0022
"k__Bacteria;p__Actinobacteria;c__Actinobacteria;o__Actinomycetales;f__ACK-M1",1,0,1,5,0.14166751643101,1e-04
"k__Bacteria;p__Bacteroidetes;c__Sphingobacteriia;o__Sphingobacteriales;bacVI",0,1,0,2,0.162427949458531,1e-04
"k__Bacteria;p__Bacteroidetes;c__Cytophagia;o__Cytophagales;bacIII",1,0,1,5,0.194839481187857,1e-04
"k__Bacteria;p__Cyanobacteria;c__Synechococcophycideae;o__Synechococcales;f__Synechococcaceae",0,0,1,3,0.323155592560087,1e-04
"k__Bacteria;p__Actinobacteria;c__Actinobacteria;o__Actinomycetales;acTH2",0,0,1,3,0.522838835881343,1e-04
"k__Bacteria;p__Actinobacteria;c__Actinobacteria;o__Actinomycetales;acSTL",0,0,1,3,0.331517859207515,1e-04
"k__Bacteria;p__Bacteroidetes;c__Flavobacteriia;o__Flavobacteriales;bacII",1,1,0,4,0.0806657281993326,0.0181
"k__Bacteria;p__Proteobacteria;c__Deltaproteobacteria;o__Syntrophobacterales;f__Syntrophobacteraceae",0,0,1,3,0.418062112928663,1e-04
"k__Bacteria;p__Chlamydiae;c__Chlamydiia;o__Chlamydiales;f__Parachlamydiaceae",0,0,1,3,0.261935465418076,1e-04
"k__Bacteria;p__Actinobacteria;c__Actinobacteria;o__Actinomycetales;f__Mycobacteriaceae",1,0,0,1,0.439617573108848,1e-04
"k__Bacteria;p__Armatimonadetes;c__[Fimbriimonadia];o__[Fimbriimonadales];f__[Fimbriimonadaceae]",1,0,0,1,0.24683657054549,1e-04
"k__Bacteria;p__Firmicutes;c__Clostridia;o__Clostridiales;f__[Mogibacteriaceae]",0,0,1,3,0.463101975496296,1e-04
"k__Bacteria;p__Verrucomicrobia;c__[Pedosphaerae];o__[Pedosphaerales];f__[Pedosphaeraceae]",0,1,0,2,0.122241944440804,1e-04
"k__Bacteria;p__Planctomycetes;c__Planctomycetia;o__Gemmatales;f__Gemmataceae",0,0,1,3,0.538616799437148,1e-04
"k__Bacteria;p__Proteobacteria;c__Deltaproteobacteria;o__Desulfobacterales;f__Desulfobacteraceae",0,0,1,3,0.548384315472552,1e-04
"k__Bacteria;p__Planctomycetes;c__Planctomycetia;o__Gemmatales;f__Isosphaeraceae",0,0,1,3,0.561984830029946,1e-04
"k__Bacteria;p__Actinobacteria;c__Acidimicrobia;o__Acidimicrobiales;acV",1,1,0,4,0.460478765035934,1e-04
"k__Bacteria;p__Proteobacteria;c__Alphaproteobacteria;o__Rhizobiales;alfI-A",1,0,0,1,0.34056059333382,1e-04
"k__Bacteria;p__Fusobacteria;c__Fusobacteriia;o__Fusobacteriales;f__Fusobacteriaceae",1,0,0,1,0.210109631664146,1e-04
"k__Bacteria;p__Acidobacteria;c__Solibacteres;o__Solibacterales;f__MVS-65",0,1,0,2,0.152928742269943,1e-04
"k__Bacteria;p__Proteobacteria;c__Alphaproteobacteria;o__Rhodospirillales;alfVIII",1,1,0,4,0.278087420322663,1e-04
"k__Bacteria;p__Proteobacteria;c__Deltaproteobacteria;o__Desulfuromonadales;f__Geobacteraceae",0,0,1,3,0.523679631678223,1e-04
"k__Bacteria;p__Proteobacteria;c__Alphaproteobacteria;o__Rhizobiales;alfVII",0,0,1,3,0.344888849443058,1e-04
"k__Bacteria;p__Proteobacteria;c__Epsilonproteobacteria;o__Campylobacterales;f__Helicobacteraceae",0,1,0,2,0.268152525149841,1e-04
"k__Bacteria;p__Actinobacteria;c__Acidimicrobia;o__Acidimicrobiales;acIV",0,0,1,3,0.320447493459521,1e-04
"k__Bacteria;p__Proteobacteria;c__Betaproteobacteria;o__undefined;betV",0,0,1,3,0.184154588961402,1e-04
"k__Bacteria;p__[Thermi];c__Deinococci;o__Deinococcales;f__Deinococcaceae",0,0,1,3,0.0869591768563807,4e-04
"k__Bacteria;p__Proteobacteria;c__Betaproteobacteria;o__Procabacteriales;f__Procabacteriaceae",1,0,0,1,0.316125397175062,1e-04
"k__Bacteria;p__Actinobacteria;c__Actinobacteria;o__Actinobacteria;Luna1",1,0,1,5,0.0674803899521071,0.0367
"k__Bacteria;p__Verrucomicrobia;c__[Spartobacteria];o__[Chthoniobacterales]",1,0,0,1,0.558980276369424,1e-04
"k__Bacteria;p__Proteobacteria;c__Gammaproteobacteria;o__Methylococcales",0,1,0,2,0.295196564464058,1e-04
"k__Bacteria;p__Verrucomicrobia;c__[Methylacidiphilae];o__S-BQ2-57",0,1,0,2,0.310165608874753,1e-04
"k__Bacteria;p__Planctomycetes;c__Planctomycetia;o__Pirellulales",0,0,1,3,0.625613106251586,1e-04
"k__Bacteria;p__Proteobacteria;c__Betaproteobacteria;o__Burkholderiales",1,1,0,4,0.26234736380472,1e-04
"k__Bacteria;p__Bacteroidetes;c__Cytophagia;o__Cytophagales",0,1,1,6,0.28290692931511,1e-04
"k__Bacteria;p__Actinobacteria;c__Actinobacteria;o__Actinomycetales",1,0,0,1,0.53061787818043,1e-04
"k__Bacteria;p__Proteobacteria;c__Gammaproteobacteria;o__Legionellales",0,0,1,3,0.260418624398292,1e-04
"k__Bacteria;p__Verrucomicrobia;c__[Pedosphaerae];o__[Pedosphaerales]",0,1,1,6,0.381057530238719,1e-04
"k__Bacteria;p__Bacteroidetes;c__[Saprospirae];o__[Saprospirales]",1,1,0,4,0.444136934882714,1e-04
"k__Bacteria;p__Firmicutes;c__Clostridia;o__Clostridiales",0,1,1,6,0.311030392377956,1e-04
"k__Bacteria;p__Verrucomicrobia;c__Verrucomicrobiae;o__Verrucomicrobiales",0,1,0,2,0.270097487806834,1e-04
"k__Bacteria;p__Proteobacteria;c__Alphaproteobacteria;o__Sphingomonadales",1,0,1,5,0.0878715280293703,0.0033
"k__Bacteria;p__Acidobacteria;c__Holophagae;o__Holophagales",0,1,0,2,0.546628874662848,1e-04
"k__Bacteria;p__Proteobacteria;c__Alphaproteobacteria;o__Rhizobiales",1,0,0,1,0.362308563473282,1e-04
"k__Bacteria;p__Actinobacteria;c__Actinobacteria;o__WCHB1-81",0,0,1,3,0.487648121319918,1e-04
"k__Bacteria;p__Lentisphaerae;c__[Lentisphaeria];o__Victivallales",0,0,1,3,0.414645861016402,1e-04
"k__Bacteria;p__Proteobacteria;c__Deltaproteobacteria;o__Syntrophobacterales",0,0,1,3,0.584365969323364,1e-04
"k__Bacteria;p__Bacteroidetes;c__Bacteroidia;o__Bacteroidales",0,1,1,6,0.272606623435546,1e-04
"k__Bacteria;p__Proteobacteria;c__Gammaproteobacteria;o__Enterobacteriales",1,0,0,1,0.0974976929831018,0.001
"k__Bacteria;p__Proteobacteria;c__Alphaproteobacteria;o__Caulobacterales",1,0,0,1,0.262685963376551,1e-04
"k__Bacteria;p__Proteobacteria;c__Alphaproteobacteria;o__Rhodospirillales",1,1,0,4,0.344893494901227,1e-04
"k__Bacteria;p__Bacteroidetes;c__Sphingobacteriia;o__Sphingobacteriales",0,1,0,2,0.145529346727818,1e-04
"k__Bacteria;p__Proteobacteria;c__Betaproteobacteria;o__SBla14",0,1,0,2,0.144582464723709,1e-04
"k__Bacteria;p__Proteobacteria;c__Alphaproteobacteria;o__Rickettsiales",0,1,0,2,0.108610363459004,0.0011
"k__Bacteria;p__Bacteroidetes;c__Flavobacteriia;o__Flavobacteriales",0,0,1,3,0.541076694154193,1e-04
"k__Bacteria;p__Proteobacteria;c__Deltaproteobacteria;o__MIZ46",1,1,0,4,0.154440839409336,1e-04
"k__Bacteria;p__Elusimicrobia;c__Elusimicrobia;o__Elusimicrobiales",0,0,1,3,0.274079418574471,1e-04
"k__Bacteria;p__Proteobacteria;c__Gammaproteobacteria;o__Alteromonadales",1,1,0,4,0.190850903741871,1e-04
"k__Bacteria;p__Chlamydiae;c__Chlamydiia;o__Chlamydiales",0,0,1,3,0.292864480310033,1e-04
"k__Bacteria;p__Proteobacteria;c__Deltaproteobacteria;o__Bdellovibrionales",0,0,1,3,0.149939369714358,1e-04
"k__Bacteria;p__Spirochaetes;c__[Leptospirae];o__[Leptospirales]",0,1,0,2,0.214871002444437,1e-04
"k__Bacteria;p__Acidobacteria;c__Solibacteres;o__Solibacterales",0,1,0,2,0.180880183105741,1e-04
"k__Bacteria;p__Chlorobi;c__Chlorobia;o__Chlorobiales",0,1,0,2,0.338074704986004,1e-04
"k__Bacteria;p__Actinobacteria;c__Thermoleophilia;o__Gaiellales",0,0,1,3,0.441559268457625,1e-04
"k__Bacteria;p__Proteobacteria;c__Gammaproteobacteria;o__Pseudomonadales",0,0,1,3,0.105465635197323,0.0012
"k__Bacteria;p__Proteobacteria;c__Alphaproteobacteria;o__Ellin329",0,1,0,2,0.333547649367726,1e-04
"k__Bacteria;p__Proteobacteria;c__Deltaproteobacteria;o__Desulfobacterales",0,1,0,2,0.337220547082228,1e-04
"k__Bacteria;p__Verrucomicrobia;c__Opitutae;o__Opitutales",1,1,0,4,0.371344613715326,1e-04
"k__Bacteria;p__Proteobacteria;c__Betaproteobacteria;o__Methylophilales",0,1,0,2,0.429987785691688,1e-04
"k__Bacteria;p__Proteobacteria;c__Deltaproteobacteria;o__Myxococcales",0,1,1,6,0.207528656607474,1e-04
"k__Bacteria;p__Verrucomicrobia;c__Opitutae;o__[Cerasicoccales]",0,1,0,2,0.294138834198111,1e-04
"k__Bacteria;p__Chloroflexi;c__Anaerolineae;o__Anaerolineales",0,1,1,6,0.316052684016198,1e-04
"k__Bacteria;p__Acidobacteria;c__Acidobacteriia;o__Acidobacteriales",0,1,0,2,0.362914198239273,1e-04
"k__Bacteria;p__Proteobacteria;c__Betaproteobacteria;o__Rhodocyclales",0,1,0,2,0.190382515689598,1e-04
"k__Bacteria;p__Proteobacteria;c__Alphaproteobacteria;o__Rhodobacterales",0,0,1,3,0.40254851598987,1e-04
"k__Bacteria;p__Actinobacteria;c__Acidimicrobia;o__Acidimicrobiales",1,1,0,4,0.432960122007291,1e-04
"k__Bacteria;p__Cyanobacteria;c__Synechococcophycideae;o__Synechococcales",0,0,1,3,0.336935525249586,1e-04
"k__Bacteria;p__Verrucomicrobia;c__[Methylacidiphilae];o__Methylacidiphilales",0,0,1,3,0.430793972905358,1e-04
"k__Bacteria;p__Planctomycetes;c__Phycisphaerae;o__Phycisphaerales",0,0,1,3,0.427984069613995,1e-04
"k__Bacteria;p__Armatimonadetes;c__[Fimbriimonadia];o__[Fimbriimonadales]",1,0,0,1,0.24683657054549,1e-04
"k__Bacteria;p__OP8;c__OP8_1;o__HMMVPog-54",0,0,1,3,0.496588550863848,1e-04
"k__Bacteria;p__Planctomycetes;c__Planctomycetia;o__Gemmatales",0,0,1,3,0.625306394424259,1e-04
"k__Bacteria;p__Actinobacteria;c__Thermoleophilia;o__Solirubrobacterales",0,0,1,3,0.471393393095932,1e-04
"k__Bacteria;p__Chlorobi;c__Ignavibacteria;o__Ignavibacteriales",0,1,0,2,0.291494368036151,1e-04
"k__Bacteria;p__Fusobacteria;c__Fusobacteriia;o__Fusobacteriales",1,0,0,1,0.210027595420919,1e-04
"k__Bacteria;p__Proteobacteria;c__Deltaproteobacteria;o__Desulfuromonadales",0,0,1,3,0.523679631678223,1e-04
"k__Bacteria;p__Proteobacteria;c__Epsilonproteobacteria;o__Campylobacterales",0,1,0,2,0.272816665489931,1e-04
"k__Bacteria;p__Chloroflexi;c__Anaerolineae;o__envOPS12",0,1,1,6,0.220367799315185,1e-04
"k__Bacteria;p__Proteobacteria;c__Betaproteobacteria;o__undefined",0,0,1,3,0.184154588961402,1e-04
"k__Bacteria;p__Chloroflexi;c__Anaerolineae;o__GCA004",0,0,1,3,0.497989701400714,1e-04
"k__Bacteria;p__[Thermi];c__Deinococci;o__Deinococcales",0,0,1,3,0.0869591768563807,4e-04
"k__Bacteria;p__Chloroflexi;c__Anaerolineae;o__WCHB1-50",0,0,1,3,0.352453077555498,1e-04
"k__Bacteria;p__Chloroflexi;c__Dehalococcoidetes;o__Dehalococcoidales",0,0,1,3,0.421389616205689,1e-04
"k__Bacteria;p__Proteobacteria;c__Betaproteobacteria;o__Procabacteriales",1,0,0,1,0.316125397175062,1e-04
"k__Bacteria;p__Actinobacteria;c__Actinobacteria;o__Actinobacteria",1,0,1,5,0.0674803899521071,0.0367
"k__Bacteria;p__Verrucomicrobia;c__[Spartobacteria]",1,0,0,1,0.558980276369424,1e-04
"k__Bacteria;p__Proteobacteria;c__Gammaproteobacteria",0,1,1,6,0.162754124606091,1e-04
"k__Bacteria;p__Verrucomicrobia;c__[Methylacidiphilae]",0,1,0,2,0.279301592360137,1e-04
"k__Bacteria;p__Planctomycetes;c__Planctomycetia",0,0,1,3,0.701188863838043,1e-04
"k__Bacteria;p__Proteobacteria;c__Betaproteobacteria",1,1,0,4,0.364720704850771,1e-04
"k__Bacteria;p__OP3;c__BD4-9",0,0,1,3,0.553052211651905,1e-04
"k__Bacteria;p__Bacteroidetes;c__Cytophagia",0,1,1,6,0.28290692931511,1e-04
"k__Bacteria;p__Actinobacteria;c__Actinobacteria",1,0,0,1,0.521552164321291,1e-04
"k__Bacteria;p__Verrucomicrobia;c__[Pedosphaerae]",0,1,1,6,0.381536694205715,1e-04
"k__Bacteria;p__Bacteroidetes;c__[Saprospirae]",1,1,0,4,0.444136934882714,1e-04
"k__Bacteria;p__OP3;c__PBS-25",0,0,1,3,0.393641681781485,1e-04
"k__Bacteria;p__Firmicutes;c__Clostridia",0,1,1,6,0.312463674732581,1e-04
"k__Bacteria;p__Verrucomicrobia;c__Verrucomicrobiae",0,1,0,2,0.270097487806834,1e-04
"k__Bacteria;p__Proteobacteria;c__Alphaproteobacteria",1,0,0,1,0.215890458088163,1e-04
"k__Bacteria;p__Acidobacteria;c__Holophagae",0,1,0,2,0.546628874662848,1e-04
"k__Bacteria;p__TM6;c__SBRH58",0,0,1,3,0.36358650173791,1e-04
"k__Bacteria;p__Lentisphaerae;c__[Lentisphaeria]",0,0,1,3,0.403727799432302,1e-04
"k__Bacteria;p__Proteobacteria;c__Deltaproteobacteria",0,1,1,6,0.431258090986926,1e-04
"k__Bacteria;p__Bacteroidetes;c__Bacteroidia",0,1,1,6,0.272606623435546,1e-04
"k__Bacteria;p__Verrucomicrobia;c__Verruco-5",0,0,1,3,0.534808031983626,1e-04
"k__Bacteria;p__Bacteroidetes;c__Sphingobacteriia",0,1,0,2,0.145529346727818,1e-04
"k__Bacteria;p__Bacteroidetes;c__Flavobacteriia",0,0,1,3,0.541076694154193,1e-04
"k__Bacteria;p__Elusimicrobia;c__Elusimicrobia",0,0,1,3,0.273958805162092,1e-04
"k__Bacteria;p__Planctomycetes;c__Phycisphaerae",0,0,1,3,0.485767441105199,1e-04
"k__Bacteria;p__Cyanobacteria;c__4C0d-2",0,1,0,2,0.155922111398424,1e-04
"k__Bacteria;p__Chlamydiae;c__Chlamydiia",0,0,1,3,0.292864480310033,1e-04
"k__Bacteria;p__Spirochaetes;c__[Leptospirae]",0,1,0,2,0.214871002444437,1e-04
"k__Bacteria;p__Acidobacteria;c__Solibacteres",0,1,0,2,0.180880183105741,1e-04
"k__Bacteria;p__Chlorobi;c__Chlorobia",0,1,0,2,0.338074704986004,1e-04
"k__Bacteria;p__Actinobacteria;c__Thermoleophilia",0,0,1,3,0.524154081003493,1e-04
"k__Bacteria;p__Verrucomicrobia;c__Opitutae",1,1,0,4,0.368524824204109,1e-04
"k__Bacteria;p__Chloroflexi;c__Anaerolineae",0,0,1,3,0.517537883265998,1e-04
"k__Bacteria;p__Acidobacteria;c__Acidobacteriia",0,1,0,2,0.362914198239273,1e-04
"k__Bacteria;p__Chloroflexi;c__Dehalococcoidetes",0,0,1,3,0.428182681036168,1e-04
"k__Bacteria;p__Firmicutes;c__Bacilli",0,0,1,3,0.0572986056136817,0.0766
"k__Bacteria;p__Actinobacteria;c__Acidimicrobia",1,1,0,4,0.432960122007291,1e-04
"k__Bacteria;p__Cyanobacteria;c__Synechococcophycideae",0,0,1,3,0.336935525249586,1e-04
"k__Bacteria;p__Actinobacteria;c__OPB41",0,0,1,3,0.31540090769099,1e-04
"k__Bacteria;p__TM6;c__SJA-4",0,0,1,3,0.436148014452688,1e-04
"k__Bacteria;p__Armatimonadetes;c__[Fimbriimonadia]",1,0,0,1,0.24683657054549,1e-04
"k__Bacteria;p__OP8;c__OP8_1",0,0,1,3,0.496088800679677,1e-04
"k__Bacteria;p__Chlorobi;c__Ignavibacteria",0,1,0,2,0.291494368036151,1e-04
"k__Bacteria;p__Proteobacteria;c__Epsilonproteobacteria",0,1,0,2,0.279586489865913,1e-04
"k__Bacteria;p__Fusobacteria;c__Fusobacteriia",1,0,0,1,0.210027595420919,1e-04
"k__Bacteria;p__Cyanobacteria;c__Oscillatoriophycideae",1,0,0,1,0.221125574842358,1e-04
"k__Bacteria;p__Chlorobi;c__SJA-28",0,0,1,3,0.500567100560821,1e-04
"k__Bacteria;p__Cyanobacteria;c__Chloroplast",1,0,0,1,0.381228843629985,1e-04
"k__Bacteria;p__[Thermi];c__Deinococci",0,0,1,3,0.0869591768563807,4e-04
"k__Bacteria;p__Armatimonadetes;c__Armatimonadia",0,1,1,6,0.130010505075349,1e-04
"k__Bacteria;p__Verrucomicrobia",1,0,0,1,0.41053208312577,1e-04
"k__Bacteria;p__Proteobacteria",0,1,0,2,0.332319005437892,1e-04
"k__Bacteria;p__Planctomycetes",0,0,1,3,0.721035204054644,1e-04
"k__Bacteria;p__OP3",0,0,1,3,0.561104266068297,1e-04
"k__Bacteria;p__Bacteroidetes",0,1,1,6,0.0620512077860415,0.0954
"k__Bacteria;p__SR1",0,0,1,3,0.344577448349538,1e-04
"k__Bacteria;p__Actinobacteria",1,0,0,1,0.511335111079713,1e-04
"k__Bacteria;p__Firmicutes",0,1,1,6,0.359757834571496,1e-04
"k__Bacteria;p__Acidobacteria",0,1,0,2,0.557071702302541,1e-04
"k__Bacteria;p__TM6",0,0,1,3,0.543949893098989,1e-04
"k__Bacteria;p__Lentisphaerae",0,0,1,3,0.403727799432302,1e-04
"k__Bacteria;p__Spirochaetes",0,1,1,6,0.152556725326785,1e-04
"k__Bacteria;p__Elusimicrobia",0,1,1,6,0.275836835801249,1e-04
"k__Bacteria;p__Cyanobacteria",0,0,1,3,0.227030485478953,1e-04
"k__Bacteria;p__Chlamydiae",0,0,1,3,0.292864480310033,1e-04
"k__Bacteria;p__Chlorobi",0,1,0,2,0.310752886530895,1e-04
"k__Bacteria;p__Chloroflexi",0,0,1,3,0.61155749073322,1e-04
"k__Bacteria;p__Armatimonadetes",1,0,0,1,0.170354606159909,1e-04
"k__Bacteria;p__OP8",0,0,1,3,0.483999640765551,1e-04
"k__Bacteria;p__WS1",0,0,1,3,0.418951800337047,1e-04
"k__Bacteria;p__Fusobacteria",1,0,0,1,0.210027595420919,1e-04
"k__Bacteria;p__[Thermi]",0,0,1,3,0.0869591768563807,4e-04
