lakeid,year4,sample_date,station,species_code,species_name,density,individuals_measured,avg_length
"CB",2004,2004-02-27 00:00:00,1,20000,"CYCLOPOID",0.60,,
"CB",2004,2004-02-27 00:00:00,1,50700,"BOSMINIDAE",15.40,,
"CB",2004,2004-02-27 00:00:00,1,60200,"ASCOMORPHA",305.80,,
"CB",2004,2004-02-27 00:00:00,1,60400,"BRACHIONUS",0.60,,
"CB",2004,2004-02-27 00:00:00,1,61502,"GASTROPUS STYLIFER",15.10,,
"CB",2004,2004-02-27 00:00:00,1,61701,"KELLICOTTIA BOSTONIENSIS",45.40,,
"CB",2004,2004-02-27 00:00:00,1,61805,"KERATELLA HIEMALIS",154.60,,
"CB",2004,2004-02-27 00:00:00,1,61808,"KERATELLA TAUROCEPHALA",85.10,,
"CB",2004,2004-02-27 00:00:00,1,61810,"KERATELLA TICINENSIS",0.60,,
"CB",2004,2004-02-27 00:00:00,1,63004,"POLYARTHRA REMATA",43.10,,
"CB",2004,2004-02-27 00:00:00,1,88888,"UNKNOWN ROTIFER",1.10,,
"CB",2004,2004-04-28 00:00:00,1,10000,"COPEPOD NAUPLII",13.40,,
"CB",2004,2004-04-28 00:00:00,1,20601,"MESOCYCLOPS EDAX",2.20,,
"CB",2004,2004-04-28 00:00:00,1,50700,"BOSMINIDAE",0.60,,
"CB",2004,2004-04-28 00:00:00,1,60203,"ASCOMORPHA SALTANS",7.80,,
"CB",2004,2004-04-28 00:00:00,1,61701,"KELLICOTTIA BOSTONIENSIS",8.10,,
"CB",2004,2004-04-28 00:00:00,1,61805,"KERATELLA HIEMALIS",23.50,,
"CB",2004,2004-04-28 00:00:00,1,61808,"KERATELLA TAUROCEPHALA",0.80,,
"CB",2004,2004-04-28 00:00:00,1,61810,"KERATELLA TICINENSIS",2.20,,
"CB",2004,2004-04-28 00:00:00,1,62400,"MONOSTYLA",0.60,,
"CB",2004,2004-04-28 00:00:00,1,63004,"POLYARTHRA REMATA",0.30,,
"CB",2004,2004-04-28 00:00:00,1,63400,"SYNCHAETA",17.10,,
"CB",2004,2004-05-27 00:00:00,1,10000,"COPEPOD NAUPLII",68.90,,
"CB",2004,2004-05-27 00:00:00,1,20000,"CYCLOPOID",10.90,,
"CB",2004,2004-05-27 00:00:00,1,20601,"MESOCYCLOPS EDAX",6.50,,
"CB",2004,2004-05-27 00:00:00,1,50700,"BOSMINIDAE",4.20,,
"CB",2004,2004-05-27 00:00:00,1,51801,"HOLOPEDIUM GIBBERUM",0.30,,
"CB",2004,2004-05-27 00:00:00,1,60200,"ASCOMORPHA",4.50,,
"CB",2004,2004-05-27 00:00:00,1,61502,"GASTROPUS STYLIFER",19.00,,
"CB",2004,2004-05-27 00:00:00,1,61701,"KELLICOTTIA BOSTONIENSIS",422.80,,
"CB",2004,2004-05-27 00:00:00,1,61808,"KERATELLA TAUROCEPHALA",136.10,,
"CB",2004,2004-05-27 00:00:00,1,61810,"KERATELLA TICINENSIS",42.00,,
"CB",2004,2004-05-27 00:00:00,1,61911,"LECANE MIRA",0.60,,
"CB",2004,2004-05-27 00:00:00,1,62201,"MANFREDIUM EUDACTYLOTUM",0.60,,
"CB",2004,2004-05-27 00:00:00,1,62406,"MONOSTYLA LUNARIS",1.70,,
"CB",2004,2004-05-27 00:00:00,1,62902,"PLOESOMA LENTICULARE",0.60,,
"CB",2004,2004-05-27 00:00:00,1,63004,"POLYARTHRA REMATA",640.10,,
"CB",2004,2004-05-27 00:00:00,1,63005,"POLYARTHRA VULGARIS",151.80,,
"CB",2004,2004-05-27 00:00:00,1,63400,"SYNCHAETA",39.80,,
"CB",2004,2004-05-27 00:00:00,1,63602,"TRICHOCERCA BIROSTRIS",1.10,,
"CB",2004,2004-05-27 00:00:00,1,88888,"UNKNOWN ROTIFER",7.30,,
"CB",2004,2004-06-23 00:00:00,1,10000,"COPEPOD NAUPLII",134.40,,
"CB",2004,2004-06-23 00:00:00,1,20000,"CYCLOPOID",12.20,,
"CB",2004,2004-06-23 00:00:00,1,20601,"MESOCYCLOPS EDAX",11.20,,
"CB",2004,2004-06-23 00:00:00,1,20901,"TROPOCYCLOPS PRASINUS MEXICANUS",0.60,,
"CB",2004,2004-06-23 00:00:00,1,50700,"BOSMINIDAE",118.20,,
"CB",2004,2004-06-23 00:00:00,1,51130,"DAPHNIA PULICARIA",0.60,,
"CB",2004,2004-06-23 00:00:00,1,51801,"HOLOPEDIUM GIBBERUM",2.20,,
"CB",2004,2004-06-23 00:00:00,1,60200,"ASCOMORPHA",22.40,,
"CB",2004,2004-06-23 00:00:00,1,60800,"CONOCHILOIDES",33.60,,
"CB",2004,2004-06-23 00:00:00,1,61502,"GASTROPUS STYLIFER",42.00,,
"CB",2004,2004-06-23 00:00:00,1,61701,"KELLICOTTIA BOSTONIENSIS",277.20,,
"CB",2004,2004-06-23 00:00:00,1,61808,"KERATELLA TAUROCEPHALA",344.40,,
"CB",2004,2004-06-23 00:00:00,1,61810,"KERATELLA TICINENSIS",991.20,,
"CB",2004,2004-06-23 00:00:00,1,62407,"MONOSTYLA OBTUSA",2.80,,
"CB",2004,2004-06-23 00:00:00,1,63004,"POLYARTHRA REMATA",285.60,,
"CB",2004,2004-06-23 00:00:00,1,63005,"POLYARTHRA VULGARIS",210.00,,
"CB",2004,2004-06-23 00:00:00,1,63400,"SYNCHAETA",11.20,,
"CB",2004,2004-06-23 00:00:00,1,63602,"TRICHOCERCA BIROSTRIS",19.60,,
"CB",2004,2004-07-20 00:00:00,1,10000,"COPEPOD NAUPLII",54.90,,
"CB",2004,2004-07-20 00:00:00,1,20000,"CYCLOPOID",0.60,,
"CB",2004,2004-07-20 00:00:00,1,20302,"DIACYCLOPS THOMASI",0.30,,
"CB",2004,2004-07-20 00:00:00,1,20601,"MESOCYCLOPS EDAX",26.00,,
"CB",2004,2004-07-20 00:00:00,1,20901,"TROPOCYCLOPS PRASINUS MEXICANUS",1.20,,
"CB",2004,2004-07-20 00:00:00,1,50700,"BOSMINIDAE",27.20,,
"CB",2004,2004-07-20 00:00:00,1,51130,"DAPHNIA PULICARIA",0.30,,
"CB",2004,2004-07-20 00:00:00,1,51801,"HOLOPEDIUM GIBBERUM",6.70,,
"CB",2004,2004-07-20 00:00:00,1,61502,"GASTROPUS STYLIFER",5.60,,
"CB",2004,2004-07-20 00:00:00,1,61701,"KELLICOTTIA BOSTONIENSIS",35.30,,
"CB",2004,2004-07-20 00:00:00,1,61808,"KERATELLA TAUROCEPHALA",163.50,,
"CB",2004,2004-07-20 00:00:00,1,61810,"KERATELLA TICINENSIS",0.60,,
"CB",2004,2004-07-20 00:00:00,1,62406,"MONOSTYLA LUNARIS",0.60,,
"CB",2004,2004-07-20 00:00:00,1,63004,"POLYARTHRA REMATA",17.90,,
"CB",2004,2004-07-20 00:00:00,1,63005,"POLYARTHRA VULGARIS",61.60,,
"CB",2004,2004-07-20 00:00:00,1,63602,"TRICHOCERCA BIROSTRIS",12.90,,
"CB",2004,2004-07-20 00:00:00,1,63612,"TRICHOCERCA MULTICRINIS",0.60,,
"CB",2004,2004-08-18 00:00:00,1,10000,"COPEPOD NAUPLII",59.40,,
"CB",2004,2004-08-18 00:00:00,1,20601,"MESOCYCLOPS EDAX",6.70,,
"CB",2004,2004-08-18 00:00:00,1,20901,"TROPOCYCLOPS PRASINUS MEXICANUS",14.60,,
"CB",2004,2004-08-18 00:00:00,1,50700,"BOSMINIDAE",1.40,,
"CB",2004,2004-08-18 00:00:00,1,51000,"CHYDORUS",0.60,,
"CB",2004,2004-08-18 00:00:00,1,51130,"DAPHNIA PULICARIA",0.80,,
"CB",2004,2004-08-18 00:00:00,1,51801,"HOLOPEDIUM GIBBERUM",8.10,,
"CB",2004,2004-08-18 00:00:00,1,61502,"GASTROPUS STYLIFER",35.60,,
"CB",2004,2004-08-18 00:00:00,1,61701,"KELLICOTTIA BOSTONIENSIS",1.70,,
"CB",2004,2004-08-18 00:00:00,1,61808,"KERATELLA TAUROCEPHALA",17.90,,
"CB",2004,2004-08-18 00:00:00,1,61900,"LECANE",0.30,,
"CB",2004,2004-08-18 00:00:00,1,62406,"MONOSTYLA LUNARIS",1.10,,
"CB",2004,2004-08-18 00:00:00,1,63004,"POLYARTHRA REMATA",3.90,,
"CB",2004,2004-08-18 00:00:00,1,63005,"POLYARTHRA VULGARIS",13.70,,
"CB",2004,2004-08-18 00:00:00,1,63602,"TRICHOCERCA BIROSTRIS",13.70,,
"CB",2004,2004-08-18 00:00:00,1,63612,"TRICHOCERCA MULTICRINIS",0.30,,
"CB",2004,2004-08-18 00:00:00,1,88888,"UNKNOWN ROTIFER",0.80,,
"CB",2004,2004-09-14 00:00:00,1,10000,"COPEPOD NAUPLII",67.80,,
"CB",2004,2004-09-14 00:00:00,1,20302,"DIACYCLOPS THOMASI",0.30,,
"CB",2004,2004-09-14 00:00:00,1,20601,"MESOCYCLOPS EDAX",2.00,,
"CB",2004,2004-09-14 00:00:00,1,20901,"TROPOCYCLOPS PRASINUS MEXICANUS",24.40,,
"CB",2004,2004-09-14 00:00:00,1,50700,"BOSMINIDAE",1.10,,
"CB",2004,2004-09-14 00:00:00,1,51000,"CHYDORUS",0.30,,
"CB",2004,2004-09-14 00:00:00,1,51130,"DAPHNIA PULICARIA",2.20,,
"CB",2004,2004-09-14 00:00:00,1,51801,"HOLOPEDIUM GIBBERUM",4.20,,
"CB",2004,2004-09-14 00:00:00,1,60200,"ASCOMORPHA",26.30,,
"CB",2004,2004-09-14 00:00:00,1,61502,"GASTROPUS STYLIFER",11.20,,
"CB",2004,2004-09-14 00:00:00,1,61701,"KELLICOTTIA BOSTONIENSIS",143.90,,
"CB",2004,2004-09-14 00:00:00,1,61808,"KERATELLA TAUROCEPHALA",14.60,,
"CB",2004,2004-09-14 00:00:00,1,61810,"KERATELLA TICINENSIS",0.60,,
"CB",2004,2004-09-14 00:00:00,1,63004,"POLYARTHRA REMATA",80.60,,
"CB",2004,2004-09-14 00:00:00,1,63005,"POLYARTHRA VULGARIS",42.60,,
"CB",2004,2004-09-14 00:00:00,1,63602,"TRICHOCERCA BIROSTRIS",79.50,,
"CB",2004,2004-09-14 00:00:00,1,63612,"TRICHOCERCA MULTICRINIS",4.50,,
"CB",2004,2004-10-13 00:00:00,1,10000,"COPEPOD NAUPLII",3.40,,
"CB",2004,2004-10-13 00:00:00,1,20601,"MESOCYCLOPS EDAX",0.60,,
"CB",2004,2004-10-13 00:00:00,1,20901,"TROPOCYCLOPS PRASINUS MEXICANUS",12.40,,
"CB",2004,2004-10-13 00:00:00,1,50700,"BOSMINIDAE",0.80,,
"CB",2004,2004-10-13 00:00:00,1,51130,"DAPHNIA PULICARIA",2.50,,
"CB",2004,2004-10-13 00:00:00,1,51801,"HOLOPEDIUM GIBBERUM",0.60,,
"CB",2004,2004-10-13 00:00:00,1,60202,"ASCOMORPHA OVALIS",1.10,,
"CB",2004,2004-10-13 00:00:00,1,61502,"GASTROPUS STYLIFER",2.80,,
"CB",2004,2004-10-13 00:00:00,1,61701,"KELLICOTTIA BOSTONIENSIS",97.40,,
"CB",2004,2004-10-13 00:00:00,1,61808,"KERATELLA TAUROCEPHALA",15.10,,
"CB",2004,2004-10-13 00:00:00,1,62406,"MONOSTYLA LUNARIS",0.60,,
"CB",2004,2004-10-13 00:00:00,1,63004,"POLYARTHRA REMATA",26.30,,
"CB",2004,2004-10-13 00:00:00,1,63005,"POLYARTHRA VULGARIS",6.70,,
"CB",2004,2004-10-13 00:00:00,1,63400,"SYNCHAETA",0.60,,
"CB",2004,2004-10-13 00:00:00,1,63602,"TRICHOCERCA BIROSTRIS",27.40,,
"CB",2004,2004-11-08 00:00:00,1,10000,"COPEPOD NAUPLII",0.30,,
"CB",2004,2004-11-08 00:00:00,1,20901,"TROPOCYCLOPS PRASINUS MEXICANUS",0.90,,
"CB",2004,2004-11-08 00:00:00,1,50700,"BOSMINIDAE",0.30,,
"CB",2004,2004-11-08 00:00:00,1,51000,"CHYDORUS",0.60,,
"CB",2004,2004-11-08 00:00:00,1,51130,"DAPHNIA PULICARIA",0.30,,
"CB",2004,2004-11-08 00:00:00,1,51801,"HOLOPEDIUM GIBBERUM",0.30,,
"CB",2004,2004-11-08 00:00:00,1,61502,"GASTROPUS STYLIFER",3.90,,
"CB",2004,2004-11-08 00:00:00,1,61701,"KELLICOTTIA BOSTONIENSIS",9.20,,
"CB",2004,2004-11-08 00:00:00,1,61803,"KERATELLA CRASSA",0.30,,
"CB",2004,2004-11-08 00:00:00,1,61808,"KERATELLA TAUROCEPHALA",4.50,,
"CB",2004,2004-11-08 00:00:00,1,62000,"LEPADELLA",0.30,,
"CB",2004,2004-11-08 00:00:00,1,63004,"POLYARTHRA REMATA",3.40,,
"CB",2004,2004-11-08 00:00:00,1,63005,"POLYARTHRA VULGARIS",9.00,,
"CB",2004,2004-11-08 00:00:00,1,63400,"SYNCHAETA",7.00,,
"CB",2004,2004-11-08 00:00:00,1,63602,"TRICHOCERCA BIROSTRIS",2.00,,
"CB",2004,2004-11-08 00:00:00,1,88888,"UNKNOWN ROTIFER",0.60,,
"CB",2005,2005-02-28 00:00:00,1,20901,"TROPOCYCLOPS PRASINUS MEXICANUS",0.30,,
"CB",2005,2005-02-28 00:00:00,1,61701,"KELLICOTTIA BOSTONIENSIS",1.40,,
"CB",2005,2005-02-28 00:00:00,1,61810,"KERATELLA TICINENSIS",0.80,,
"CB",2005,2005-02-28 00:00:00,1,88888,"UNKNOWN ROTIFER",8.70,,
"CB",2005,2005-04-18 00:00:00,1,10000,"COPEPOD NAUPLII",3.60,,
"CB",2005,2005-04-18 00:00:00,1,20601,"MESOCYCLOPS EDAX",4.80,,
"CB",2005,2005-04-18 00:00:00,1,51000,"CHYDORUS",1.10,,
"CB",2005,2005-04-18 00:00:00,1,51100,"DAPHNIA",0.30,,
"CB",2005,2005-04-18 00:00:00,1,61701,"KELLICOTTIA BOSTONIENSIS",0.30,,
"CB",2005,2005-04-18 00:00:00,1,63005,"POLYARTHRA VULGARIS",0.30,,
"CB",2005,2005-04-18 00:00:00,1,63400,"SYNCHAETA",1.40,,
"CB",2005,2005-04-18 00:00:00,1,88888,"UNKNOWN ROTIFER",5.60,,
"CB",2005,2005-05-17 00:00:00,1,10000,"COPEPOD NAUPLII",12.30,,
"CB",2005,2005-05-17 00:00:00,1,20000,"CYCLOPOID",2.80,,
"CB",2005,2005-05-17 00:00:00,1,20302,"DIACYCLOPS THOMASI",1.70,,
"CB",2005,2005-05-17 00:00:00,1,20601,"MESOCYCLOPS EDAX",0.80,,
"CB",2005,2005-05-17 00:00:00,1,51000,"CHYDORUS",0.60,,
"CB",2005,2005-05-17 00:00:00,1,51130,"DAPHNIA PULICARIA",0.60,,
"CB",2005,2005-05-17 00:00:00,1,61701,"KELLICOTTIA BOSTONIENSIS",5.00,,
"CB",2005,2005-05-17 00:00:00,1,61808,"KERATELLA TAUROCEPHALA",0.60,,
"CB",2005,2005-05-17 00:00:00,1,63002,"POLYARTHRA EURYPTERA",0.60,,
"CB",2005,2005-05-17 00:00:00,1,63004,"POLYARTHRA REMATA",1.10,,
"CB",2005,2005-05-17 00:00:00,1,63005,"POLYARTHRA VULGARIS",72.20,,
"CB",2005,2005-05-17 00:00:00,1,63400,"SYNCHAETA",27.40,,
"CB",2005,2005-05-17 00:00:00,1,63602,"TRICHOCERCA BIROSTRIS",1.10,,
"CB",2005,2005-06-15 00:00:00,1,10000,"COPEPOD NAUPLII",47.00,,
"CB",2005,2005-06-15 00:00:00,1,20000,"CYCLOPOID",0.60,,
"CB",2005,2005-06-15 00:00:00,1,20302,"DIACYCLOPS THOMASI",0.30,,
"CB",2005,2005-06-15 00:00:00,1,20601,"MESOCYCLOPS EDAX",7.00,,
"CB",2005,2005-06-15 00:00:00,1,50700,"BOSMINIDAE",3.90,,
"CB",2005,2005-06-15 00:00:00,1,51000,"CHYDORUS",0.80,,
"CB",2005,2005-06-15 00:00:00,1,51130,"DAPHNIA PULICARIA",11.80,,
"CB",2005,2005-06-15 00:00:00,1,51801,"HOLOPEDIUM GIBBERUM",2.00,,
"CB",2005,2005-06-15 00:00:00,1,60800,"CONOCHILOIDES",11.80,,
"CB",2005,2005-06-15 00:00:00,1,61502,"GASTROPUS STYLIFER",2.20,,
"CB",2005,2005-06-15 00:00:00,1,61701,"KELLICOTTIA BOSTONIENSIS",63.80,,
"CB",2005,2005-06-15 00:00:00,1,61801,"KERATELLA COCHLEARIS",0.60,,
"CB",2005,2005-06-15 00:00:00,1,61805,"KERATELLA HIEMALIS",1.10,,
"CB",2005,2005-06-15 00:00:00,1,61808,"KERATELLA TAUROCEPHALA",29.10,,
"CB",2005,2005-06-15 00:00:00,1,63004,"POLYARTHRA REMATA",16.80,,
"CB",2005,2005-06-15 00:00:00,1,63005,"POLYARTHRA VULGARIS",270.50,,
"CB",2005,2005-06-15 00:00:00,1,63400,"SYNCHAETA",1.10,,
"CB",2005,2005-06-15 00:00:00,1,63602,"TRICHOCERCA BIROSTRIS",10.60,,
"CB",2005,2005-07-13 00:00:00,1,10000,"COPEPOD NAUPLII",34.20,,
"CB",2005,2005-07-13 00:00:00,1,20601,"MESOCYCLOPS EDAX",13.50,,
"CB",2005,2005-07-13 00:00:00,1,51000,"CHYDORUS",0.30,,
"CB",2005,2005-07-13 00:00:00,1,51130,"DAPHNIA PULICARIA",1.70,,
"CB",2005,2005-07-13 00:00:00,1,61502,"GASTROPUS STYLIFER",20.20,,
"CB",2005,2005-07-13 00:00:00,1,61701,"KELLICOTTIA BOSTONIENSIS",65.00,,
"CB",2005,2005-07-13 00:00:00,1,61808,"KERATELLA TAUROCEPHALA",23.50,,
"CB",2005,2005-07-13 00:00:00,1,61810,"KERATELLA TICINENSIS",0.60,,
"CB",2005,2005-07-13 00:00:00,1,63004,"POLYARTHRA REMATA",0.60,,
"CB",2005,2005-07-13 00:00:00,1,63005,"POLYARTHRA VULGARIS",7.80,,
"CB",2005,2005-07-13 00:00:00,1,63602,"TRICHOCERCA BIROSTRIS",1.10,,
"CB",2005,2005-08-09 00:00:00,1,10000,"COPEPOD NAUPLII",139.40,,
"CB",2005,2005-08-09 00:00:00,1,20302,"DIACYCLOPS THOMASI",0.60,,
"CB",2005,2005-08-09 00:00:00,1,20601,"MESOCYCLOPS EDAX",15.70,,
"CB",2005,2005-08-09 00:00:00,1,51000,"CHYDORUS",0.30,,
"CB",2005,2005-08-09 00:00:00,1,51130,"DAPHNIA PULICARIA",38.60,,
"CB",2005,2005-08-09 00:00:00,1,51801,"HOLOPEDIUM GIBBERUM",1.10,,
"CB",2005,2005-08-09 00:00:00,1,61701,"KELLICOTTIA BOSTONIENSIS",9.50,,
"CB",2005,2005-08-09 00:00:00,1,61801,"KERATELLA COCHLEARIS",1.70,,
"CB",2005,2005-08-09 00:00:00,1,61808,"KERATELLA TAUROCEPHALA",109.20,,
"CB",2005,2005-08-09 00:00:00,1,63004,"POLYARTHRA REMATA",1.10,,
"CB",2005,2005-08-09 00:00:00,1,63005,"POLYARTHRA VULGARIS",7.80,,
"CB",2005,2005-08-09 00:00:00,1,63602,"TRICHOCERCA BIROSTRIS",1.70,,
"CB",2005,2005-09-07 00:00:00,1,10000,"COPEPOD NAUPLII",15.70,,
"CB",2005,2005-09-07 00:00:00,1,20601,"MESOCYCLOPS EDAX",13.60,,
"CB",2005,2005-09-07 00:00:00,1,51000,"CHYDORUS",0.80,,
"CB",2005,2005-09-07 00:00:00,1,51130,"DAPHNIA PULICARIA",15.10,,
"CB",2005,2005-09-07 00:00:00,1,51801,"HOLOPEDIUM GIBBERUM",0.30,,
"CB",2005,2005-09-07 00:00:00,1,61502,"GASTROPUS STYLIFER",12.30,,
"CB",2005,2005-09-07 00:00:00,1,61701,"KELLICOTTIA BOSTONIENSIS",26.30,,
"CB",2005,2005-09-07 00:00:00,1,61808,"KERATELLA TAUROCEPHALA",84.00,,
"CB",2005,2005-09-07 00:00:00,1,63004,"POLYARTHRA REMATA",12.30,,
"CB",2005,2005-09-07 00:00:00,1,63005,"POLYARTHRA VULGARIS",7.80,,
"CB",2005,2005-09-07 00:00:00,1,63602,"TRICHOCERCA BIROSTRIS",15.10,,
"CB",2005,2005-10-06 00:00:00,1,10000,"COPEPOD NAUPLII",0.30,,
"CB",2005,2005-10-06 00:00:00,1,20601,"MESOCYCLOPS EDAX",5.10,,
"CB",2005,2005-10-06 00:00:00,1,50700,"BOSMINIDAE",0.30,,
"CB",2005,2005-10-06 00:00:00,1,51000,"CHYDORUS",0.30,,
"CB",2005,2005-10-06 00:00:00,1,51130,"DAPHNIA PULICARIA",32.50,,
"CB",2005,2005-10-06 00:00:00,1,51801,"HOLOPEDIUM GIBBERUM",0.80,,
"CB",2005,2005-10-06 00:00:00,1,60500,"CEPHALODELLA",0.60,,
"CB",2005,2005-10-06 00:00:00,1,61200,"ENCENTRUM",0.30,,
"CB",2005,2005-10-06 00:00:00,1,61300,"EUCHLANIS",0.30,,
"CB",2005,2005-10-06 00:00:00,1,61502,"GASTROPUS STYLIFER",0.80,,
"CB",2005,2005-10-06 00:00:00,1,61808,"KERATELLA TAUROCEPHALA",4.20,,
"CB",2005,2005-10-06 00:00:00,1,61900,"LECANE",0.30,,
"CB",2005,2005-10-06 00:00:00,1,62400,"MONOSTYLA",0.80,,
"CB",2005,2005-10-06 00:00:00,1,63004,"POLYARTHRA REMATA",14.30,,
"CB",2005,2005-10-06 00:00:00,1,63005,"POLYARTHRA VULGARIS",53.80,,
"CB",2005,2005-10-06 00:00:00,1,63400,"SYNCHAETA",0.60,,
"CB",2005,2005-10-06 00:00:00,1,63602,"TRICHOCERCA BIROSTRIS",6.20,,
"CB",2005,2005-10-06 00:00:00,1,63603,"TRICHOCERCA CYLINDRICA",0.60,,
"CB",2005,2005-10-06 00:00:00,1,63612,"TRICHOCERCA MULTICRINIS",0.30,,
"CB",2005,2005-11-08 00:00:00,1,10000,"COPEPOD NAUPLII",0.80,,
"CB",2005,2005-11-08 00:00:00,1,51000,"CHYDORUS",0.30,,
"CB",2005,2005-11-08 00:00:00,1,51130,"DAPHNIA PULICARIA",1.10,,
"CB",2005,2005-11-08 00:00:00,1,60500,"CEPHALODELLA",1.40,,
"CB",2005,2005-11-08 00:00:00,1,61502,"GASTROPUS STYLIFER",2.80,,
"CB",2005,2005-11-08 00:00:00,1,61701,"KELLICOTTIA BOSTONIENSIS",0.30,,
"CB",2005,2005-11-08 00:00:00,1,61808,"KERATELLA TAUROCEPHALA",23.50,,
"CB",2005,2005-11-08 00:00:00,1,61900,"LECANE",0.30,,
"CB",2005,2005-11-08 00:00:00,1,62000,"LEPADELLA",0.30,,
"CB",2005,2005-11-08 00:00:00,1,62400,"MONOSTYLA",0.80,,
"CB",2005,2005-11-08 00:00:00,1,63004,"POLYARTHRA REMATA",26.00,,
"CB",2005,2005-11-08 00:00:00,1,63005,"POLYARTHRA VULGARIS",18.50,,
"CB",2005,2005-11-08 00:00:00,1,63400,"SYNCHAETA",27.40,,
"CB",2005,2005-11-08 00:00:00,1,63602,"TRICHOCERCA BIROSTRIS",2.50,,
"CB",2005,2005-11-08 00:00:00,1,88888,"UNKNOWN ROTIFER",0.80,,
"CB",2006,2006-02-23 00:00:00,1,61701,"KELLICOTTIA BOSTONIENSIS",22.40,,
"CB",2006,2006-02-23 00:00:00,1,61808,"KERATELLA TAUROCEPHALA",744.20,,
"CB",2006,2006-02-23 00:00:00,1,61810,"KERATELLA TICINENSIS",22.40,,
"CB",2006,2006-02-23 00:00:00,1,63004,"POLYARTHRA REMATA",31.90,,
"CB",2006,2006-02-23 00:00:00,1,63400,"SYNCHAETA",115.40,,
"CB",2006,2006-02-23 00:00:00,1,88888,"UNKNOWN ROTIFER",25.80,,
"CB",2006,2006-04-18 00:00:00,1,10000,"COPEPOD NAUPLII",50.40,,
"CB",2006,2006-04-18 00:00:00,1,20601,"MESOCYCLOPS EDAX",2.00,,
"CB",2006,2006-04-18 00:00:00,1,51100,"DAPHNIA",1.40,,
"CB",2006,2006-04-18 00:00:00,1,61701,"KELLICOTTIA BOSTONIENSIS",7.80,,
"CB",2006,2006-04-18 00:00:00,1,61805,"KERATELLA HIEMALIS",0.60,,
"CB",2006,2006-04-18 00:00:00,1,61808,"KERATELLA TAUROCEPHALA",6.70,,
"CB",2006,2006-04-18 00:00:00,1,61810,"KERATELLA TICINENSIS",87.40,,
"CB",2006,2006-04-18 00:00:00,1,63005,"POLYARTHRA VULGARIS",3.40,,
"CB",2006,2006-04-18 00:00:00,1,63400,"SYNCHAETA",10.60,,
"CB",2006,2006-04-18 00:00:00,1,88888,"UNKNOWN ROTIFER",38.60,,
"CB",2006,2006-05-17 00:00:00,1,10000,"COPEPOD NAUPLII",16.80,9,0.19
"CB",2006,2006-05-17 00:00:00,1,20000,"CYCLOPOID",19.60,,
"CB",2006,2006-05-17 00:00:00,1,20601,"MESOCYCLOPS EDAX",0.30,,
"CB",2006,2006-05-17 00:00:00,1,50700,"BOSMINIDAE",0.60,,
"CB",2006,2006-05-17 00:00:00,1,51000,"CHYDORUS",0.30,,
"CB",2006,2006-05-17 00:00:00,1,51130,"DAPHNIA PULICARIA",4.50,,
"CB",2006,2006-05-17 00:00:00,1,61701,"KELLICOTTIA BOSTONIENSIS",44.80,31,0.11
"CB",2006,2006-05-17 00:00:00,1,61808,"KERATELLA TAUROCEPHALA",72.80,21,0.12
"CB",2006,2006-05-17 00:00:00,1,61810,"KERATELLA TICINENSIS",126.00,45,0.11
"CB",2006,2006-05-17 00:00:00,1,63001,"POLYARTHRA DOLICHOPTERA",11.20,11,0.07
"CB",2006,2006-05-17 00:00:00,1,63004,"POLYARTHRA REMATA",64.40,27,0.08
"CB",2006,2006-05-17 00:00:00,1,63005,"POLYARTHRA VULGARIS",142.80,45,0.12
"CB",2006,2006-05-17 00:00:00,1,63400,"SYNCHAETA",67.20,33,0.17
"CB",2006,2006-06-13 00:00:00,1,10000,"COPEPOD NAUPLII",28.00,7,0.15
"CB",2006,2006-06-13 00:00:00,1,20601,"MESOCYCLOPS EDAX",1.20,,
"CB",2006,2006-06-13 00:00:00,1,51130,"DAPHNIA PULICARIA",1.10,,
"CB",2006,2006-06-13 00:00:00,1,60800,"CONOCHILOIDES",2.80,1,0.06
"CB",2006,2006-06-13 00:00:00,1,61502,"GASTROPUS STYLIFER",58.80,26,0.08
"CB",2006,2006-06-13 00:00:00,1,61701,"KELLICOTTIA BOSTONIENSIS",176.40,25,0.11
"CB",2006,2006-06-13 00:00:00,1,61808,"KERATELLA TAUROCEPHALA",142.80,29,0.11
"CB",2006,2006-06-13 00:00:00,1,61810,"KERATELLA TICINENSIS",1288.00,26,0.11
"CB",2006,2006-06-13 00:00:00,1,63004,"POLYARTHRA REMATA",28.00,13,0.09
"CB",2006,2006-06-13 00:00:00,1,63005,"POLYARTHRA VULGARIS",50.40,16,0.12
"CB",2006,2006-06-13 00:00:00,1,63602,"TRICHOCERCA BIROSTRIS",11.20,9,0.10
"CB",2006,2006-07-12 00:00:00,1,10000,"COPEPOD NAUPLII",108.10,,
"CB",2006,2006-07-12 00:00:00,1,20601,"MESOCYCLOPS EDAX",30.20,,
"CB",2006,2006-07-12 00:00:00,1,51130,"DAPHNIA PULICARIA",60.20,,
"CB",2006,2006-07-12 00:00:00,1,51801,"HOLOPEDIUM GIBBERUM",3.60,,
"CB",2006,2006-07-12 00:00:00,1,61502,"GASTROPUS STYLIFER",4.50,,
"CB",2006,2006-07-12 00:00:00,1,61701,"KELLICOTTIA BOSTONIENSIS",15.70,,
"CB",2006,2006-07-12 00:00:00,1,61801,"KERATELLA COCHLEARIS",0.60,,
"CB",2006,2006-07-12 00:00:00,1,61808,"KERATELLA TAUROCEPHALA",152.90,,
"CB",2006,2006-07-12 00:00:00,1,61810,"KERATELLA TICINENSIS",7.80,,
"CB",2006,2006-07-12 00:00:00,1,62406,"MONOSTYLA LUNARIS",0.60,,
"CB",2006,2006-07-12 00:00:00,1,63004,"POLYARTHRA REMATA",1.10,,
"CB",2006,2006-07-12 00:00:00,1,63005,"POLYARTHRA VULGARIS",16.80,,
"CB",2006,2006-07-12 00:00:00,1,63612,"TRICHOCERCA MULTICRINIS",0.60,,
"CB",2006,2006-08-07 00:00:00,1,10000,"COPEPOD NAUPLII",54.30,10,0.18
"CB",2006,2006-08-07 00:00:00,1,20601,"MESOCYCLOPS EDAX",17.90,,
"CB",2006,2006-08-07 00:00:00,1,50700,"BOSMINIDAE",0.80,,
"CB",2006,2006-08-07 00:00:00,1,51130,"DAPHNIA PULICARIA",9.50,,
"CB",2006,2006-08-07 00:00:00,1,51801,"HOLOPEDIUM GIBBERUM",0.60,,
"CB",2006,2006-08-07 00:00:00,1,61502,"GASTROPUS STYLIFER",1.70,,
"CB",2006,2006-08-07 00:00:00,1,61701,"KELLICOTTIA BOSTONIENSIS",0.60,,
"CB",2006,2006-08-07 00:00:00,1,61808,"KERATELLA TAUROCEPHALA",73.90,13,0.11
"CB",2006,2006-08-07 00:00:00,1,61810,"KERATELLA TICINENSIS",6.20,,
"CB",2006,2006-08-07 00:00:00,1,63004,"POLYARTHRA REMATA",8.40,,
"CB",2006,2006-08-07 00:00:00,1,63005,"POLYARTHRA VULGARIS",34.20,16,0.12
"CB",2006,2006-08-07 00:00:00,1,63400,"SYNCHAETA",0.60,,
"CB",2006,2006-08-07 00:00:00,1,63612,"TRICHOCERCA MULTICRINIS",0.60,,
"CB",2006,2006-08-07 00:00:00,1,88888,"UNKNOWN ROTIFER",0.60,,
"CB",2006,2006-09-07 00:00:00,1,10000,"COPEPOD NAUPLII",14.00,,
"CB",2006,2006-09-07 00:00:00,1,20000,"CYCLOPOID",0.30,1,0.34
"CB",2006,2006-09-07 00:00:00,1,20601,"MESOCYCLOPS EDAX",32.50,116,0.97
"CB",2006,2006-09-07 00:00:00,1,50700,"BOSMINIDAE",1.40,5,0.32
"CB",2006,2006-09-07 00:00:00,1,51000,"CHYDORUS",0.30,1,0.23
"CB",2006,2006-09-07 00:00:00,1,51130,"DAPHNIA PULICARIA",14.80,53,0.85
"CB",2006,2006-09-07 00:00:00,1,51801,"HOLOPEDIUM GIBBERUM",6.40,23,0.62
"CB",2006,2006-09-07 00:00:00,1,61502,"GASTROPUS STYLIFER",5.00,3,0.07
"CB",2006,2006-09-07 00:00:00,1,61701,"KELLICOTTIA BOSTONIENSIS",51.00,30,0.11
"CB",2006,2006-09-07 00:00:00,1,61807,"KERATELLA SERRULATA",0.60,1,0.11
"CB",2006,2006-09-07 00:00:00,1,61808,"KERATELLA TAUROCEPHALA",58.20,33,0.11
"CB",2006,2006-09-07 00:00:00,1,63004,"POLYARTHRA REMATA",9.00,7,0.08
"CB",2006,2006-09-07 00:00:00,1,63005,"POLYARTHRA VULGARIS",31.40,16,0.11
"CB",2006,2006-09-07 00:00:00,1,63602,"TRICHOCERCA BIROSTRIS",4.50,1,0.10
"CB",2006,2006-09-07 00:00:00,1,63612,"TRICHOCERCA MULTICRINIS",0.60,,
"CB",2006,2006-10-03 00:00:00,1,10000,"COPEPOD NAUPLII",1.70,6,0.15
"CB",2006,2006-10-03 00:00:00,1,20601,"MESOCYCLOPS EDAX",2.30,8,1.13
"CB",2006,2006-10-03 00:00:00,1,51000,"CHYDORUS",0.30,1,0.21
"CB",2006,2006-10-03 00:00:00,1,51130,"DAPHNIA PULICARIA",17.40,62,1.08
"CB",2006,2006-10-03 00:00:00,1,51801,"HOLOPEDIUM GIBBERUM",1.40,4,0.86
"CB",2006,2006-10-03 00:00:00,1,61502,"GASTROPUS STYLIFER",1.70,,
"CB",2006,2006-10-03 00:00:00,1,61701,"KELLICOTTIA BOSTONIENSIS",0.80,,
"CB",2006,2006-10-03 00:00:00,1,61808,"KERATELLA TAUROCEPHALA",28.60,,
"CB",2006,2006-10-03 00:00:00,1,61900,"LECANE",0.30,,
"CB",2006,2006-10-03 00:00:00,1,62406,"MONOSTYLA LUNARIS",0.30,,
"CB",2006,2006-10-03 00:00:00,1,63003,"POLYARTHRA MAJOR",0.30,,
"CB",2006,2006-10-03 00:00:00,1,63004,"POLYARTHRA REMATA",2.00,,
"CB",2006,2006-10-03 00:00:00,1,63005,"POLYARTHRA VULGARIS",10.90,,
"CB",2006,2006-10-03 00:00:00,1,63602,"TRICHOCERCA BIROSTRIS",0.80,,
"CB",2006,2006-10-26 00:00:00,1,10000,"COPEPOD NAUPLII",11.20,28,0.15
"CB",2006,2006-10-26 00:00:00,1,20601,"MESOCYCLOPS EDAX",0.60,2,1.44
"CB",2006,2006-10-26 00:00:00,1,20901,"TROPOCYCLOPS PRASINUS MEXICANUS",0.30,,
"CB",2006,2006-10-26 00:00:00,1,50201,"ACROPERUS HARPAE",0.30,1,0.48
"CB",2006,2006-10-26 00:00:00,1,50700,"BOSMINIDAE",0.60,2,0.41
"CB",2006,2006-10-26 00:00:00,1,51000,"CHYDORUS",8.40,30,0.30
"CB",2006,2006-10-26 00:00:00,1,51130,"DAPHNIA PULICARIA",4.50,17,1.07
"CB",2006,2006-10-26 00:00:00,1,51801,"HOLOPEDIUM GIBBERUM",1.10,4,0.88
"CB",2006,2006-10-26 00:00:00,1,60201,"ASCOMORPHA ECAUDIS",0.30,,
"CB",2006,2006-10-26 00:00:00,1,60800,"CONOCHILOIDES",0.30,,
"CB",2006,2006-10-26 00:00:00,1,61502,"GASTROPUS STYLIFER",2.00,,
"CB",2006,2006-10-26 00:00:00,1,61701,"KELLICOTTIA BOSTONIENSIS",9.00,,
"CB",2006,2006-10-26 00:00:00,1,61801,"KERATELLA COCHLEARIS",0.60,,
"CB",2006,2006-10-26 00:00:00,1,61805,"KERATELLA HIEMALIS",0.30,,
"CB",2006,2006-10-26 00:00:00,1,61808,"KERATELLA TAUROCEPHALA",8.70,,
"CB",2006,2006-10-26 00:00:00,1,61900,"LECANE",0.30,,
"CB",2006,2006-10-26 00:00:00,1,62406,"MONOSTYLA LUNARIS",0.80,,
"CB",2006,2006-10-26 00:00:00,1,63004,"POLYARTHRA REMATA",5.30,,
"CB",2006,2006-10-26 00:00:00,1,63005,"POLYARTHRA VULGARIS",16.20,,
"CB",2006,2006-10-26 00:00:00,1,63400,"SYNCHAETA",2.20,,
"CB",2007,2007-02-21 00:00:00,1,10000,"COPEPOD NAUPLII",8.40,,
"CB",2007,2007-02-21 00:00:00,1,20000,"CYCLOPOID",0.30,,
"CB",2007,2007-02-21 00:00:00,1,20101,"ACANTHOCYCLOPS VERNALIS",0.60,,
"CB",2007,2007-02-21 00:00:00,1,20302,"DIACYCLOPS THOMASI",0.30,,
"CB",2007,2007-02-21 00:00:00,1,50700,"BOSMINIDAE",44.00,,
"CB",2007,2007-02-21 00:00:00,1,51000,"CHYDORUS",33.60,,
"CB",2007,2007-02-21 00:00:00,1,60203,"ASCOMORPHA SALTANS",190.40,,
"CB",2007,2007-02-21 00:00:00,1,61300,"EUCHLANIS",2.80,,
"CB",2007,2007-02-21 00:00:00,1,61502,"GASTROPUS STYLIFER",70.00,,
"CB",2007,2007-02-21 00:00:00,1,61701,"KELLICOTTIA BOSTONIENSIS",627.20,,
"CB",2007,2007-02-21 00:00:00,1,61800,"KERATELLA",42.00,,
"CB",2007,2007-02-21 00:00:00,1,61805,"KERATELLA HIEMALIS",411.60,,
"CB",2007,2007-02-21 00:00:00,1,61808,"KERATELLA TAUROCEPHALA",165.20,,
"CB",2007,2007-02-21 00:00:00,1,63004,"POLYARTHRA REMATA",574.00,,
"CB",2007,2007-02-21 00:00:00,1,63700,"TRICHOTRIA",5.60,,
"CB",2007,2007-02-21 00:00:00,1,88888,"UNKNOWN ROTIFER",98.00,,
"CB",2007,2007-04-23 00:00:00,1,10000,"COPEPOD NAUPLII",64.40,,
"CB",2007,2007-04-23 00:00:00,1,20000,"CYCLOPOID",1.10,,
"CB",2007,2007-04-23 00:00:00,1,20601,"MESOCYCLOPS EDAX",8.40,,
"CB",2007,2007-04-23 00:00:00,1,50700,"BOSMINIDAE",1.70,,
"CB",2007,2007-04-23 00:00:00,1,51000,"CHYDORUS",0.30,,
"CB",2007,2007-04-23 00:00:00,1,51130,"DAPHNIA PULICARIA",0.30,,
"CB",2007,2007-04-23 00:00:00,1,51801,"HOLOPEDIUM GIBBERUM",0.30,,
"CB",2007,2007-04-23 00:00:00,1,60203,"ASCOMORPHA SALTANS",109.20,,
"CB",2007,2007-04-23 00:00:00,1,61502,"GASTROPUS STYLIFER",14.00,,
"CB",2007,2007-04-23 00:00:00,1,61701,"KELLICOTTIA BOSTONIENSIS",582.40,,
"CB",2007,2007-04-23 00:00:00,1,61808,"KERATELLA TAUROCEPHALA",322.00,,
"CB",2007,2007-04-23 00:00:00,1,61810,"KERATELLA TICINENSIS",322.00,,
"CB",2007,2007-04-23 00:00:00,1,63004,"POLYARTHRA REMATA",123.20,,
"CB",2007,2007-04-23 00:00:00,1,63005,"POLYARTHRA VULGARIS",5.60,,
"CB",2007,2007-04-23 00:00:00,1,63400,"SYNCHAETA",14.00,,
"CB",2007,2007-05-23 00:00:00,1,10000,"COPEPOD NAUPLII",58.80,,
"CB",2007,2007-05-23 00:00:00,1,20000,"CYCLOPOID",4.20,2,0.36
"CB",2007,2007-05-23 00:00:00,1,20302,"DIACYCLOPS THOMASI",1.10,1,0.75
"CB",2007,2007-05-23 00:00:00,1,20601,"MESOCYCLOPS EDAX",27.40,43,0.71
"CB",2007,2007-05-23 00:00:00,1,50700,"BOSMINIDAE",2.50,4,0.27
"CB",2007,2007-05-23 00:00:00,1,51000,"CHYDORUS",1.10,,
"CB",2007,2007-05-23 00:00:00,1,51130,"DAPHNIA PULICARIA",5.30,5,0.91
"CB",2007,2007-05-23 00:00:00,1,60800,"CONOCHILOIDES",2.80,,
"CB",2007,2007-05-23 00:00:00,1,61502,"GASTROPUS STYLIFER",59.90,,
"CB",2007,2007-05-23 00:00:00,1,61701,"KELLICOTTIA BOSTONIENSIS",208.90,,
"CB",2007,2007-05-23 00:00:00,1,61800,"KERATELLA",0.60,,
"CB",2007,2007-05-23 00:00:00,1,61808,"KERATELLA TAUROCEPHALA",396.50,,
"CB",2007,2007-05-23 00:00:00,1,61810,"KERATELLA TICINENSIS",4.50,,
"CB",2007,2007-05-23 00:00:00,1,62406,"MONOSTYLA LUNARIS",0.60,,
"CB",2007,2007-05-23 00:00:00,1,63004,"POLYARTHRA REMATA",68.30,,
"CB",2007,2007-05-23 00:00:00,1,63005,"POLYARTHRA VULGARIS",5.00,,
"CB",2007,2007-06-18 00:00:00,1,10000,"COPEPOD NAUPLII",30.80,,
"CB",2007,2007-06-18 00:00:00,1,20601,"MESOCYCLOPS EDAX",12.90,,
"CB",2007,2007-06-18 00:00:00,1,20901,"TROPOCYCLOPS PRASINUS MEXICANUS",0.30,,
"CB",2007,2007-06-18 00:00:00,1,50700,"BOSMINIDAE",23.20,,
"CB",2007,2007-06-18 00:00:00,1,51000,"CHYDORUS",1.10,,
"CB",2007,2007-06-18 00:00:00,1,51130,"DAPHNIA PULICARIA",15.10,,
"CB",2007,2007-06-18 00:00:00,1,51801,"HOLOPEDIUM GIBBERUM",3.10,,
"CB",2007,2007-06-18 00:00:00,1,53200,"SCAPHOLEBERIS",0.30,,
"CB",2007,2007-06-18 00:00:00,1,61502,"GASTROPUS STYLIFER",24.60,,
"CB",2007,2007-06-18 00:00:00,1,61701,"KELLICOTTIA BOSTONIENSIS",18.50,,
"CB",2007,2007-06-18 00:00:00,1,61800,"KERATELLA",0.60,,
"CB",2007,2007-06-18 00:00:00,1,61808,"KERATELLA TAUROCEPHALA",318.60,,
"CB",2007,2007-06-18 00:00:00,1,63004,"POLYARTHRA REMATA",1.70,,
"CB",2007,2007-06-18 00:00:00,1,63005,"POLYARTHRA VULGARIS",37.50,,
"CB",2007,2007-07-18 00:00:00,1,10000,"COPEPOD NAUPLII",30.80,,
"CB",2007,2007-07-18 00:00:00,1,20601,"MESOCYCLOPS EDAX",12.60,,
"CB",2007,2007-07-18 00:00:00,1,50700,"BOSMINIDAE",2.50,,
"CB",2007,2007-07-18 00:00:00,1,51000,"CHYDORUS",0.30,,
"CB",2007,2007-07-18 00:00:00,1,51130,"DAPHNIA PULICARIA",6.40,,
"CB",2007,2007-07-18 00:00:00,1,51801,"HOLOPEDIUM GIBBERUM",2.80,,
"CB",2007,2007-07-18 00:00:00,1,60201,"ASCOMORPHA ECAUDIS",0.60,,
"CB",2007,2007-07-18 00:00:00,1,60202,"ASCOMORPHA OVALIS",1.10,,
"CB",2007,2007-07-18 00:00:00,1,60800,"CONOCHILOIDES",9.00,,
"CB",2007,2007-07-18 00:00:00,1,61502,"GASTROPUS STYLIFER",23.00,,
"CB",2007,2007-07-18 00:00:00,1,61701,"KELLICOTTIA BOSTONIENSIS",86.20,,
"CB",2007,2007-07-18 00:00:00,1,61808,"KERATELLA TAUROCEPHALA",73.90,,
"CB",2007,2007-07-18 00:00:00,1,61810,"KERATELLA TICINENSIS",22.40,,
"CB",2007,2007-07-18 00:00:00,1,63004,"POLYARTHRA REMATA",24.10,,
"CB",2007,2007-07-18 00:00:00,1,63005,"POLYARTHRA VULGARIS",70.00,,
"CB",2007,2007-07-18 00:00:00,1,63602,"TRICHOCERCA BIROSTRIS",21.80,,
"CB",2007,2007-07-18 00:00:00,1,63612,"TRICHOCERCA MULTICRINIS",1.10,,
"CB",2007,2007-07-18 00:00:00,1,88888,"UNKNOWN ROTIFER",2.20,,
"CB",2007,2007-08-14 00:00:00,1,10000,"COPEPOD NAUPLII",25.80,,
"CB",2007,2007-08-14 00:00:00,1,20601,"MESOCYCLOPS EDAX",5.40,,
"CB",2007,2007-08-14 00:00:00,1,20901,"TROPOCYCLOPS PRASINUS MEXICANUS",1.70,,
"CB",2007,2007-08-14 00:00:00,1,30000,"CALANOID",0.30,,
"CB",2007,2007-08-14 00:00:00,1,51801,"HOLOPEDIUM GIBBERUM",4.20,,
"CB",2007,2007-08-14 00:00:00,1,60200,"ASCOMORPHA",8.40,,
"CB",2007,2007-08-14 00:00:00,1,60202,"ASCOMORPHA OVALIS",1.10,,
"CB",2007,2007-08-14 00:00:00,1,60500,"CEPHALODELLA",0.60,,
"CB",2007,2007-08-14 00:00:00,1,60800,"CONOCHILOIDES",0.60,,
"CB",2007,2007-08-14 00:00:00,1,61502,"GASTROPUS STYLIFER",31.40,,
"CB",2007,2007-08-14 00:00:00,1,61701,"KELLICOTTIA BOSTONIENSIS",137.80,,
"CB",2007,2007-08-14 00:00:00,1,61808,"KERATELLA TAUROCEPHALA",71.10,,
"CB",2007,2007-08-14 00:00:00,1,61810,"KERATELLA TICINENSIS",4.50,,
"CB",2007,2007-08-14 00:00:00,1,62000,"LEPADELLA",1.10,,
"CB",2007,2007-08-14 00:00:00,1,63004,"POLYARTHRA REMATA",52.10,,
"CB",2007,2007-08-14 00:00:00,1,63005,"POLYARTHRA VULGARIS",21.30,,
"CB",2007,2007-08-14 00:00:00,1,63400,"SYNCHAETA",0.60,,
"CB",2007,2007-08-14 00:00:00,1,63602,"TRICHOCERCA BIROSTRIS",30.20,,
"CB",2007,2007-08-14 00:00:00,1,63612,"TRICHOCERCA MULTICRINIS",3.40,,
"CB",2007,2007-08-14 00:00:00,1,88888,"UNKNOWN ROTIFER",0.60,,
"CB",2007,2007-09-10 00:00:00,1,10000,"COPEPOD NAUPLII",71.10,,
"CB",2007,2007-09-10 00:00:00,1,20601,"MESOCYCLOPS EDAX",24.60,,
"CB",2007,2007-09-10 00:00:00,1,20901,"TROPOCYCLOPS PRASINUS MEXICANUS",7.90,,
"CB",2007,2007-09-10 00:00:00,1,30000,"CALANOID",0.60,,
"CB",2007,2007-09-10 00:00:00,1,51100,"DAPHNIA",0.30,,
"CB",2007,2007-09-10 00:00:00,1,51801,"HOLOPEDIUM GIBBERUM",10.90,,
"CB",2007,2007-09-10 00:00:00,1,60200,"ASCOMORPHA",10.10,,
"CB",2007,2007-09-10 00:00:00,1,60202,"ASCOMORPHA OVALIS",24.60,,
"CB",2007,2007-09-10 00:00:00,1,60800,"CONOCHILOIDES",1.10,,
"CB",2007,2007-09-10 00:00:00,1,61502,"GASTROPUS STYLIFER",18.50,,
"CB",2007,2007-09-10 00:00:00,1,61701,"KELLICOTTIA BOSTONIENSIS",9.50,,
"CB",2007,2007-09-10 00:00:00,1,61801,"KERATELLA COCHLEARIS",0.60,,
"CB",2007,2007-09-10 00:00:00,1,61808,"KERATELLA TAUROCEPHALA",44.20,,
"CB",2007,2007-09-10 00:00:00,1,61810,"KERATELLA TICINENSIS",2.20,,
"CB",2007,2007-09-10 00:00:00,1,62406,"MONOSTYLA LUNARIS",0.60,,
"CB",2007,2007-09-10 00:00:00,1,63004,"POLYARTHRA REMATA",123.20,,
"CB",2007,2007-09-10 00:00:00,1,63005,"POLYARTHRA VULGARIS",34.20,,
"CB",2007,2007-09-10 00:00:00,1,63602,"TRICHOCERCA BIROSTRIS",9.50,,
"CB",2007,2007-09-10 00:00:00,1,63612,"TRICHOCERCA MULTICRINIS",9.50,,
"CB",2007,2007-09-10 00:00:00,1,88888,"UNKNOWN ROTIFER",0.60,,
"CB",2007,2007-10-10 00:00:00,1,10000,"COPEPOD NAUPLII",56.00,,
"CB",2007,2007-10-10 00:00:00,1,20000,"CYCLOPOID",2.00,,
"CB",2007,2007-10-10 00:00:00,1,20601,"MESOCYCLOPS EDAX",11.40,,
"CB",2007,2007-10-10 00:00:00,1,20901,"TROPOCYCLOPS PRASINUS MEXICANUS",5.30,,
"CB",2007,2007-10-10 00:00:00,1,50700,"BOSMINIDAE",2.20,,
"CB",2007,2007-10-10 00:00:00,1,51801,"HOLOPEDIUM GIBBERUM",13.20,,
"CB",2007,2007-10-10 00:00:00,1,60201,"ASCOMORPHA ECAUDIS",1.40,,
"CB",2007,2007-10-10 00:00:00,1,60202,"ASCOMORPHA OVALIS",5.60,,
"CB",2007,2007-10-10 00:00:00,1,61502,"GASTROPUS STYLIFER",14.00,,
"CB",2007,2007-10-10 00:00:00,1,61701,"KELLICOTTIA BOSTONIENSIS",8.40,,
"CB",2007,2007-10-10 00:00:00,1,61801,"KERATELLA COCHLEARIS",7.00,,
"CB",2007,2007-10-10 00:00:00,1,61808,"KERATELLA TAUROCEPHALA",63.00,,
"CB",2007,2007-10-10 00:00:00,1,62406,"MONOSTYLA LUNARIS",1.40,,
"CB",2007,2007-10-10 00:00:00,1,63004,"POLYARTHRA REMATA",182.00,,
"CB",2007,2007-10-10 00:00:00,1,63005,"POLYARTHRA VULGARIS",121.80,,
"CB",2007,2007-10-10 00:00:00,1,63602,"TRICHOCERCA BIROSTRIS",1.40,,
"CB",2007,2007-10-10 00:00:00,1,63612,"TRICHOCERCA MULTICRINIS",8.40,,
"CB",2007,2007-11-08 00:00:00,1,10000,"COPEPOD NAUPLII",1.70,,
"CB",2007,2007-11-08 00:00:00,1,20000,"CYCLOPOID",0.60,,
"CB",2007,2007-11-08 00:00:00,1,20601,"MESOCYCLOPS EDAX",0.30,,
"CB",2007,2007-11-08 00:00:00,1,20901,"TROPOCYCLOPS PRASINUS MEXICANUS",4.00,,
"CB",2007,2007-11-08 00:00:00,1,50700,"BOSMINIDAE",0.30,,
"CB",2007,2007-11-08 00:00:00,1,51000,"CHYDORUS",2.00,,
"CB",2007,2007-11-08 00:00:00,1,51801,"HOLOPEDIUM GIBBERUM",0.60,,
"CB",2007,2007-11-08 00:00:00,1,60201,"ASCOMORPHA ECAUDIS",1.10,,
"CB",2007,2007-11-08 00:00:00,1,61502,"GASTROPUS STYLIFER",34.20,,
"CB",2007,2007-11-08 00:00:00,1,61701,"KELLICOTTIA BOSTONIENSIS",15.70,,
"CB",2007,2007-11-08 00:00:00,1,61808,"KERATELLA TAUROCEPHALA",38.60,,
"CB",2007,2007-11-08 00:00:00,1,62400,"MONOSTYLA",0.60,,
"CB",2007,2007-11-08 00:00:00,1,62406,"MONOSTYLA LUNARIS",1.10,,
"CB",2007,2007-11-08 00:00:00,1,62902,"PLOESOMA LENTICULARE",0.60,,
"CB",2007,2007-11-08 00:00:00,1,63004,"POLYARTHRA REMATA",68.30,,
"CB",2007,2007-11-08 00:00:00,1,63005,"POLYARTHRA VULGARIS",25.80,,
"CB",2007,2007-11-08 00:00:00,1,63612,"TRICHOCERCA MULTICRINIS",1.10,,
"CB",2008,2008-02-25 00:00:00,1,61801,"KERATELLA COCHLEARIS",0.30,,
"CB",2008,2008-02-25 00:00:00,1,88888,"UNKNOWN ROTIFER",5.30,,
"CB",2008,2008-05-06 00:00:00,1,10000,"COPEPOD NAUPLII",24.60,20,0.13
"CB",2008,2008-05-06 00:00:00,1,20601,"MESOCYCLOPS EDAX",2.20,7,0.92
"CB",2008,2008-05-06 00:00:00,1,61808,"KERATELLA TAUROCEPHALA",0.60,,
"CB",2008,2008-05-06 00:00:00,1,63400,"SYNCHAETA",0.60,,
"CB",2008,2008-05-06 00:00:00,1,63602,"TRICHOCERCA BIROSTRIS",0.30,,
"CB",2008,2008-05-06 00:00:00,1,88888,"UNKNOWN ROTIFER",2.00,6,0.14
"CB",2008,2008-05-20 00:00:00,1,10000,"COPEPOD NAUPLII",37.00,,
"CB",2008,2008-05-20 00:00:00,1,20000,"CYCLOPOID",8.10,,
"CB",2008,2008-05-20 00:00:00,1,20601,"MESOCYCLOPS EDAX",8.90,,
"CB",2008,2008-05-20 00:00:00,1,51000,"CHYDORUS",3.40,,
"CB",2008,2008-05-20 00:00:00,1,60200,"ASCOMORPHA",1.10,,
"CB",2008,2008-05-20 00:00:00,1,61801,"KERATELLA COCHLEARIS",0.60,,
"CB",2008,2008-05-20 00:00:00,1,61808,"KERATELLA TAUROCEPHALA",2.80,,
"CB",2008,2008-05-20 00:00:00,1,63004,"POLYARTHRA REMATA",67.20,,
"CB",2008,2008-05-20 00:00:00,1,63005,"POLYARTHRA VULGARIS",19.60,,
"CB",2008,2008-05-20 00:00:00,1,63400,"SYNCHAETA",1.10,,
"CB",2008,2008-05-20 00:00:00,1,63602,"TRICHOCERCA BIROSTRIS",1.10,,
"CB",2008,2008-07-02 00:00:00,1,10000,"COPEPOD NAUPLII",9.00,7,0.20
"CB",2008,2008-07-02 00:00:00,1,20000,"CYCLOPOID",0.60,1,0.34
"CB",2008,2008-07-02 00:00:00,1,20601,"MESOCYCLOPS EDAX",6.10,15,0.82
"CB",2008,2008-07-02 00:00:00,1,51801,"HOLOPEDIUM GIBBERUM",2.20,8,0.46
"CB",2008,2008-07-02 00:00:00,1,60200,"ASCOMORPHA",0.60,,
"CB",2008,2008-07-02 00:00:00,1,60800,"CONOCHILOIDES",16.20,11,0.08
"CB",2008,2008-07-02 00:00:00,1,61502,"GASTROPUS STYLIFER",0.60,,
"CB",2008,2008-07-02 00:00:00,1,61701,"KELLICOTTIA BOSTONIENSIS",187.60,,
"CB",2008,2008-07-02 00:00:00,1,61808,"KERATELLA TAUROCEPHALA",9.00,1,0.11
"CB",2008,2008-07-02 00:00:00,1,61810,"KERATELLA TICINENSIS",1.10,,
"CB",2008,2008-07-02 00:00:00,1,63004,"POLYARTHRA REMATA",17.90,3,0.08
"CB",2008,2008-07-02 00:00:00,1,63005,"POLYARTHRA VULGARIS",25.80,,
"CB",2008,2008-07-02 00:00:00,1,63602,"TRICHOCERCA BIROSTRIS",5.00,3,0.09
"CB",2008,2008-07-29 00:00:00,1,10000,"COPEPOD NAUPLII",37.00,,
"CB",2008,2008-07-29 00:00:00,1,20601,"MESOCYCLOPS EDAX",19.00,70,0.89
"CB",2008,2008-07-29 00:00:00,1,50700,"BOSMINIDAE",0.30,1,0.27
"CB",2008,2008-07-29 00:00:00,1,51130,"DAPHNIA PULICARIA",5.60,6,0.88
"CB",2008,2008-07-29 00:00:00,1,51801,"HOLOPEDIUM GIBBERUM",13.20,42,0.70
"CB",2008,2008-07-29 00:00:00,1,60800,"CONOCHILOIDES",3.40,,
"CB",2008,2008-07-29 00:00:00,1,61502,"GASTROPUS STYLIFER",11.20,,
"CB",2008,2008-07-29 00:00:00,1,61701,"KELLICOTTIA BOSTONIENSIS",237.40,,
"CB",2008,2008-07-29 00:00:00,1,61808,"KERATELLA TAUROCEPHALA",1.70,,
"CB",2008,2008-07-29 00:00:00,1,63004,"POLYARTHRA REMATA",1.10,,
"CB",2008,2008-07-29 00:00:00,1,63005,"POLYARTHRA VULGARIS",10.10,,
"CB",2008,2008-07-29 00:00:00,1,63602,"TRICHOCERCA BIROSTRIS",11.20,,
"CB",2008,2008-08-27 00:00:00,1,10000,"COPEPOD NAUPLII",9.50,,
"CB",2008,2008-08-27 00:00:00,1,20601,"MESOCYCLOPS EDAX",6.80,17,0.91
"CB",2008,2008-08-27 00:00:00,1,51130,"DAPHNIA PULICARIA",6.70,21,0.92
"CB",2008,2008-08-27 00:00:00,1,51801,"HOLOPEDIUM GIBBERUM",1.70,,
"CB",2008,2008-08-27 00:00:00,1,61502,"GASTROPUS STYLIFER",5.90,,
"CB",2008,2008-08-27 00:00:00,1,61701,"KELLICOTTIA BOSTONIENSIS",20.40,,
"CB",2008,2008-08-27 00:00:00,1,61808,"KERATELLA TAUROCEPHALA",0.80,,
"CB",2008,2008-08-27 00:00:00,1,63004,"POLYARTHRA REMATA",0.60,,
"CB",2008,2008-08-27 00:00:00,1,63005,"POLYARTHRA VULGARIS",4.50,,
"CB",2008,2008-08-27 00:00:00,1,63602,"TRICHOCERCA BIROSTRIS",0.60,,
"CB",2008,2008-09-25 00:00:00,1,10000,"COPEPOD NAUPLII",10.60,6,0.12
"CB",2008,2008-09-25 00:00:00,1,20000,"CYCLOPOID",0.60,1,0.33
"CB",2008,2008-09-25 00:00:00,1,20601,"MESOCYCLOPS EDAX",5.10,8,1.10
"CB",2008,2008-09-25 00:00:00,1,51000,"CHYDORUS",0.60,2,0.24
"CB",2008,2008-09-25 00:00:00,1,51130,"DAPHNIA PULICARIA",8.90,19,0.78
"CB",2008,2008-09-25 00:00:00,1,51801,"HOLOPEDIUM GIBBERUM",0.30,1,0.34
"CB",2008,2008-09-25 00:00:00,1,61502,"GASTROPUS STYLIFER",17.90,11,0.08
"CB",2008,2008-09-25 00:00:00,1,61701,"KELLICOTTIA BOSTONIENSIS",97.40,,
"CB",2008,2008-09-25 00:00:00,1,61808,"KERATELLA TAUROCEPHALA",2.20,,
"CB",2008,2008-09-25 00:00:00,1,61911,"LECANE MIRA",0.60,1,0.10
"CB",2008,2008-09-25 00:00:00,1,63004,"POLYARTHRA REMATA",5.60,,
"CB",2008,2008-09-25 00:00:00,1,63005,"POLYARTHRA VULGARIS",10.10,,
"CB",2008,2008-09-25 00:00:00,1,63602,"TRICHOCERCA BIROSTRIS",23.00,12,0.10
"CB",2008,2008-10-22 00:00:00,1,10000,"COPEPOD NAUPLII",5.60,,
"CB",2008,2008-10-22 00:00:00,1,20000,"CYCLOPOID",0.30,1,0.36
"CB",2008,2008-10-22 00:00:00,1,20601,"MESOCYCLOPS EDAX",0.60,2,1.25
"CB",2008,2008-10-22 00:00:00,1,51000,"CHYDORUS",0.60,2,0.27
"CB",2008,2008-10-22 00:00:00,1,51130,"DAPHNIA PULICARIA",6.40,19,0.99
"CB",2008,2008-10-22 00:00:00,1,61502,"GASTROPUS STYLIFER",10.10,1,0.09
"CB",2008,2008-10-22 00:00:00,1,61701,"KELLICOTTIA BOSTONIENSIS",240.80,,
"CB",2008,2008-10-22 00:00:00,1,61808,"KERATELLA TAUROCEPHALA",7.30,,
"CB",2008,2008-10-22 00:00:00,1,61911,"LECANE MIRA",2.80,4,0.10
"CB",2008,2008-10-22 00:00:00,1,62000,"LEPADELLA",0.60,,
"CB",2008,2008-10-22 00:00:00,1,63004,"POLYARTHRA REMATA",69.40,5,0.08
"CB",2008,2008-10-22 00:00:00,1,63005,"POLYARTHRA VULGARIS",48.70,,
"CB",2008,2008-10-22 00:00:00,1,63400,"SYNCHAETA",1.10,,
"CB",2008,2008-10-22 00:00:00,1,63602,"TRICHOCERCA BIROSTRIS",25.80,23,0.10
"CB",2008,2008-11-06 00:00:00,1,10000,"COPEPOD NAUPLII",1.10,,
"CB",2008,2008-11-06 00:00:00,1,20000,"CYCLOPOID",0.60,2,0.39
"CB",2008,2008-11-06 00:00:00,1,20601,"MESOCYCLOPS EDAX",1.40,4,1.14
"CB",2008,2008-11-06 00:00:00,1,50700,"BOSMINIDAE",0.30,1,0.41
"CB",2008,2008-11-06 00:00:00,1,51000,"CHYDORUS",1.10,4,0.27
"CB",2008,2008-11-06 00:00:00,1,51130,"DAPHNIA PULICARIA",8.70,14,1.09
"CB",2008,2008-11-06 00:00:00,1,51801,"HOLOPEDIUM GIBBERUM",0.30,1,0.51
"CB",2008,2008-11-06 00:00:00,1,61300,"EUCHLANIS",0.60,,
"CB",2008,2008-11-06 00:00:00,1,61502,"GASTROPUS STYLIFER",1.10,,
"CB",2008,2008-11-06 00:00:00,1,61701,"KELLICOTTIA BOSTONIENSIS",36.40,,
"CB",2008,2008-11-06 00:00:00,1,61808,"KERATELLA TAUROCEPHALA",5.00,,
"CB",2008,2008-11-06 00:00:00,1,62201,"MANFREDIUM EUDACTYLOTUM",0.60,1,0.11
"CB",2008,2008-11-06 00:00:00,1,62401,"MONOSTYLA BULLA",0.60,1,0.11
"CB",2008,2008-11-06 00:00:00,1,63004,"POLYARTHRA REMATA",57.10,,
"CB",2008,2008-11-06 00:00:00,1,63005,"POLYARTHRA VULGARIS",14.00,,
"CB",2008,2008-11-06 00:00:00,1,63400,"SYNCHAETA",1.10,2,0.19
"CB",2008,2008-11-06 00:00:00,1,63602,"TRICHOCERCA BIROSTRIS",5.60,,
"CB",2009,2009-02-17 00:00:00,1,20000,"CYCLOPOID",0.28,1,0.51
"CB",2009,2009-02-17 00:00:00,1,20302,"DIACYCLOPS THOMASI",1.12,4,0.58
"CB",2009,2009-02-17 00:00:00,1,20601,"MESOCYCLOPS EDAX",0.28,1,1.23
"CB",2009,2009-02-17 00:00:00,1,50700,"BOSMINIDAE",1.68,6,0.41
"CB",2009,2009-02-17 00:00:00,1,60200,"ASCOMORPHA",8.40,,
"CB",2009,2009-02-17 00:00:00,1,61701,"KELLICOTTIA BOSTONIENSIS",19.60,,
"CB",2009,2009-02-17 00:00:00,1,61805,"KERATELLA HIEMALIS",7.00,,
"CB",2009,2009-02-17 00:00:00,1,61808,"KERATELLA TAUROCEPHALA",107.80,,
"CB",2009,2009-02-17 00:00:00,1,61810,"KERATELLA TICINENSIS",74.20,,
"CB",2009,2009-02-17 00:00:00,1,63004,"POLYARTHRA REMATA",113.40,,
"CB",2009,2009-02-17 00:00:00,1,63005,"POLYARTHRA VULGARIS",1.40,,
"CB",2009,2009-02-17 00:00:00,1,63400,"SYNCHAETA",166.60,,
"CB",2009,2009-02-17 00:00:00,1,88888,"UNKNOWN ROTIFER",12.60,,
"CB",2009,2009-04-27 00:00:00,1,10000,"COPEPOD NAUPLII",21.00,,
"CB",2009,2009-04-27 00:00:00,1,20601,"MESOCYCLOPS EDAX",7.00,24,1.15
"CB",2009,2009-04-27 00:00:00,1,51000,"CHYDORUS",0.56,2,0.25
"CB",2009,2009-04-27 00:00:00,1,51130,"DAPHNIA PULICARIA",0.84,3,0.53
"CB",2009,2009-04-27 00:00:00,1,60500,"CEPHALODELLA",1.40,,
"CB",2009,2009-04-27 00:00:00,1,61701,"KELLICOTTIA BOSTONIENSIS",2.80,,
"CB",2009,2009-04-27 00:00:00,1,61805,"KERATELLA HIEMALIS",7.00,,
"CB",2009,2009-04-27 00:00:00,1,61808,"KERATELLA TAUROCEPHALA",119.00,,
"CB",2009,2009-04-27 00:00:00,1,61810,"KERATELLA TICINENSIS",288.40,,
"CB",2009,2009-04-27 00:00:00,1,63004,"POLYARTHRA REMATA",4.20,,
"CB",2009,2009-04-27 00:00:00,1,63400,"SYNCHAETA",51.80,,
"CB",2009,2009-05-27 00:00:00,1,10000,"COPEPOD NAUPLII",30.80,,
"CB",2009,2009-05-27 00:00:00,1,20000,"CYCLOPOID",5.04,3,0.51
"CB",2009,2009-05-27 00:00:00,1,20302,"DIACYCLOPS THOMASI",1.40,5,0.51
"CB",2009,2009-05-27 00:00:00,1,20601,"MESOCYCLOPS EDAX",7.56,13,0.73
"CB",2009,2009-05-27 00:00:00,1,50700,"BOSMINIDAE",1.40,3,0.27
"CB",2009,2009-05-27 00:00:00,1,51000,"CHYDORUS",1.68,4,0.22
"CB",2009,2009-05-27 00:00:00,1,51130,"DAPHNIA PULICARIA",0.28,,
"CB",2009,2009-05-27 00:00:00,1,61701,"KELLICOTTIA BOSTONIENSIS",5.60,,
"CB",2009,2009-05-27 00:00:00,1,61808,"KERATELLA TAUROCEPHALA",347.20,,
"CB",2009,2009-05-27 00:00:00,1,61810,"KERATELLA TICINENSIS",1232.00,,
"CB",2009,2009-05-27 00:00:00,1,63004,"POLYARTHRA REMATA",196.00,,
"CB",2009,2009-05-27 00:00:00,1,63005,"POLYARTHRA VULGARIS",11.20,,
"CB",2009,2009-05-27 00:00:00,1,63400,"SYNCHAETA",5.60,,
"CB",2009,2009-05-27 00:00:00,1,63602,"TRICHOCERCA BIROSTRIS",16.80,,
"CB",2009,2009-06-23 00:00:00,1,10000,"COPEPOD NAUPLII",15.12,,
"CB",2009,2009-06-23 00:00:00,1,20601,"MESOCYCLOPS EDAX",6.44,19,0.98
"CB",2009,2009-06-23 00:00:00,1,50700,"BOSMINIDAE",3.92,13,0.32
"CB",2009,2009-06-23 00:00:00,1,51000,"CHYDORUS",0.28,1,0.21
"CB",2009,2009-06-23 00:00:00,1,51130,"DAPHNIA PULICARIA",1.40,5,0.71
"CB",2009,2009-06-23 00:00:00,1,61502,"GASTROPUS STYLIFER",11.20,,
"CB",2009,2009-06-23 00:00:00,1,61701,"KELLICOTTIA BOSTONIENSIS",5.60,,
"CB",2009,2009-06-23 00:00:00,1,61808,"KERATELLA TAUROCEPHALA",294.00,,
"CB",2009,2009-06-23 00:00:00,1,61810,"KERATELLA TICINENSIS",23.52,,
"CB",2009,2009-06-23 00:00:00,1,63004,"POLYARTHRA REMATA",4.48,,
"CB",2009,2009-06-23 00:00:00,1,63005,"POLYARTHRA VULGARIS",1.12,,
"CB",2009,2009-06-23 00:00:00,1,63602,"TRICHOCERCA BIROSTRIS",7.28,,
"CB",2009,2009-07-22 00:00:00,1,10000,"COPEPOD NAUPLII",6.16,,
"CB",2009,2009-07-22 00:00:00,1,20000,"CYCLOPOID",1.68,5,0.42
"CB",2009,2009-07-22 00:00:00,1,20601,"MESOCYCLOPS EDAX",4.20,10,1.09
"CB",2009,2009-07-22 00:00:00,1,50700,"BOSMINIDAE",0.56,2,0.34
"CB",2009,2009-07-22 00:00:00,1,51000,"CHYDORUS",0.28,1,0.24
"CB",2009,2009-07-22 00:00:00,1,51130,"DAPHNIA PULICARIA",3.64,13,0.84
"CB",2009,2009-07-22 00:00:00,1,51801,"HOLOPEDIUM GIBBERUM",0.28,1,0.57
"CB",2009,2009-07-22 00:00:00,1,61502,"GASTROPUS STYLIFER",2.24,,
"CB",2009,2009-07-22 00:00:00,1,61701,"KELLICOTTIA BOSTONIENSIS",2.24,,
"CB",2009,2009-07-22 00:00:00,1,61808,"KERATELLA TAUROCEPHALA",109.76,,
"CB",2009,2009-07-22 00:00:00,1,63602,"TRICHOCERCA BIROSTRIS",1.68,,
"CB",2009,2009-08-18 00:00:00,1,10000,"COPEPOD NAUPLII",14.56,,
"CB",2009,2009-08-18 00:00:00,1,20000,"CYCLOPOID",0.84,1,0.41
"CB",2009,2009-08-18 00:00:00,1,20601,"MESOCYCLOPS EDAX",14.00,23,0.83
"CB",2009,2009-08-18 00:00:00,1,20901,"TROPOCYCLOPS PRASINUS MEXICANUS",0.28,,
"CB",2009,2009-08-18 00:00:00,1,50700,"BOSMINIDAE",14.84,30,0.34
"CB",2009,2009-08-18 00:00:00,1,51000,"CHYDORUS",0.56,,
"CB",2009,2009-08-18 00:00:00,1,51130,"DAPHNIA PULICARIA",16.24,30,0.80
"CB",2009,2009-08-18 00:00:00,1,51801,"HOLOPEDIUM GIBBERUM",0.56,1,0.74
"CB",2009,2009-08-18 00:00:00,1,61502,"GASTROPUS STYLIFER",21.28,,
"CB",2009,2009-08-18 00:00:00,1,61701,"KELLICOTTIA BOSTONIENSIS",3.36,,
"CB",2009,2009-08-18 00:00:00,1,61808,"KERATELLA TAUROCEPHALA",193.20,,
"CB",2009,2009-08-18 00:00:00,1,62407,"MONOSTYLA OBTUSA",0.56,,
"CB",2009,2009-08-18 00:00:00,1,63005,"POLYARTHRA VULGARIS",22.96,,
"CB",2009,2009-09-16 00:00:00,1,10000,"COPEPOD NAUPLII",79.52,,
"CB",2009,2009-09-16 00:00:00,1,20403,"EUCYCLOPS ELEGANS",0.28,1,0.99
"CB",2009,2009-09-16 00:00:00,1,20601,"MESOCYCLOPS EDAX",13.16,46,1.00
"CB",2009,2009-09-16 00:00:00,1,20901,"TROPOCYCLOPS PRASINUS MEXICANUS",0.84,3,0.44
"CB",2009,2009-09-16 00:00:00,1,50700,"BOSMINIDAE",18.48,31,0.35
"CB",2009,2009-09-16 00:00:00,1,51000,"CHYDORUS",0.28,1,0.33
"CB",2009,2009-09-16 00:00:00,1,51130,"DAPHNIA PULICARIA",20.44,54,0.83
"CB",2009,2009-09-16 00:00:00,1,51801,"HOLOPEDIUM GIBBERUM",6.16,22,0.77
"CB",2009,2009-09-16 00:00:00,1,61502,"GASTROPUS STYLIFER",1.12,,
"CB",2009,2009-09-16 00:00:00,1,61701,"KELLICOTTIA BOSTONIENSIS",0.56,,
"CB",2009,2009-09-16 00:00:00,1,61808,"KERATELLA TAUROCEPHALA",207.20,,
"CB",2009,2009-09-16 00:00:00,1,61911,"LECANE MIRA",1.12,,
"CB",2009,2009-09-16 00:00:00,1,62406,"MONOSTYLA LUNARIS",1.68,,
"CB",2009,2009-09-16 00:00:00,1,63005,"POLYARTHRA VULGARIS",21.56,,
"CB",2009,2009-10-13 00:00:00,1,10000,"COPEPOD NAUPLII",12.88,,
"CB",2009,2009-10-13 00:00:00,1,20000,"CYCLOPOID",0.28,1,0.70
"CB",2009,2009-10-13 00:00:00,1,20601,"MESOCYCLOPS EDAX",0.28,1,0.89
"CB",2009,2009-10-13 00:00:00,1,20901,"TROPOCYCLOPS PRASINUS MEXICANUS",1.12,4,0.46
"CB",2009,2009-10-13 00:00:00,1,50700,"BOSMINIDAE",52.08,50,0.37
"CB",2009,2009-10-13 00:00:00,1,51000,"CHYDORUS",0.28,1,0.29
"CB",2009,2009-10-13 00:00:00,1,51130,"DAPHNIA PULICARIA",4.48,16,0.76
"CB",2009,2009-10-13 00:00:00,1,51801,"HOLOPEDIUM GIBBERUM",1.96,7,0.74
"CB",2009,2009-10-13 00:00:00,1,61502,"GASTROPUS STYLIFER",22.96,,
"CB",2009,2009-10-13 00:00:00,1,61808,"KERATELLA TAUROCEPHALA",30.24,,
"CB",2009,2009-10-13 00:00:00,1,61911,"LECANE MIRA",0.56,,
"CB",2009,2009-10-13 00:00:00,1,62407,"MONOSTYLA OBTUSA",0.56,,
"CB",2009,2009-10-13 00:00:00,1,63004,"POLYARTHRA REMATA",1.12,,
"CB",2009,2009-10-13 00:00:00,1,63005,"POLYARTHRA VULGARIS",266.56,,
"CB",2009,2009-10-13 00:00:00,1,63400,"SYNCHAETA",0.56,,
"CB",2009,2009-10-13 00:00:00,1,63602,"TRICHOCERCA BIROSTRIS",9.52,,
"CB",2009,2009-10-13 00:00:00,1,63612,"TRICHOCERCA MULTICRINIS",0.56,,
"CB",2009,2009-11-09 00:00:00,1,10000,"COPEPOD NAUPLII",1.40,,
"CB",2009,2009-11-09 00:00:00,1,20000,"CYCLOPOID",0.28,1,0.46
"CB",2009,2009-11-09 00:00:00,1,50700,"BOSMINIDAE",22.12,30,0.39
"CB",2009,2009-11-09 00:00:00,1,51000,"CHYDORUS",1.40,5,0.25
"CB",2009,2009-11-09 00:00:00,1,51130,"DAPHNIA PULICARIA",3.92,14,0.96
"CB",2009,2009-11-09 00:00:00,1,51801,"HOLOPEDIUM GIBBERUM",0.84,2,0.46
"CB",2009,2009-11-09 00:00:00,1,60200,"ASCOMORPHA",3.36,,
"CB",2009,2009-11-09 00:00:00,1,61502,"GASTROPUS STYLIFER",25.76,,
"CB",2009,2009-11-09 00:00:00,1,61800,"KERATELLA",0.28,,
"CB",2009,2009-11-09 00:00:00,1,61805,"KERATELLA HIEMALIS",0.28,,
"CB",2009,2009-11-09 00:00:00,1,61808,"KERATELLA TAUROCEPHALA",15.12,,
"CB",2009,2009-11-09 00:00:00,1,61810,"KERATELLA TICINENSIS",0.28,,
"CB",2009,2009-11-09 00:00:00,1,62000,"LEPADELLA",0.28,,
"CB",2009,2009-11-09 00:00:00,1,62406,"MONOSTYLA LUNARIS",1.12,,
"CB",2009,2009-11-09 00:00:00,1,62407,"MONOSTYLA OBTUSA",0.28,,
"CB",2009,2009-11-09 00:00:00,1,63004,"POLYARTHRA REMATA",2.24,,
"CB",2009,2009-11-09 00:00:00,1,63005,"POLYARTHRA VULGARIS",60.20,,
"CB",2009,2009-11-09 00:00:00,1,63400,"SYNCHAETA",0.28,,
"CB",2009,2009-11-09 00:00:00,1,63602,"TRICHOCERCA BIROSTRIS",12.60,,
"CB",2009,2009-11-09 00:00:00,1,88888,"UNKNOWN ROTIFER",0.28,,
"TB",2004,2004-02-19 00:00:00,1,10000,"COPEPOD NAUPLII",0.30,,
"TB",2004,2004-02-19 00:00:00,1,61804,"KERATELLA EARLINAE",0.60,,
"TB",2004,2004-02-19 00:00:00,1,63602,"TRICHOCERCA BIROSTRIS",0.30,,
"TB",2004,2004-04-26 00:00:00,1,10000,"COPEPOD NAUPLII",3.90,,
"TB",2004,2004-04-26 00:00:00,1,20601,"MESOCYCLOPS EDAX",5.90,,
"TB",2004,2004-04-26 00:00:00,1,61701,"KELLICOTTIA BOSTONIENSIS",0.30,,
"TB",2004,2004-04-26 00:00:00,1,61801,"KERATELLA COCHLEARIS",0.60,,
"TB",2004,2004-04-26 00:00:00,1,88888,"UNKNOWN ROTIFER",0.30,,
"TB",2004,2004-05-25 00:00:00,1,10000,"COPEPOD NAUPLII",28.80,,
"TB",2004,2004-05-25 00:00:00,1,20000,"CYCLOPOID",0.60,,
"TB",2004,2004-05-25 00:00:00,1,20302,"DIACYCLOPS THOMASI",1.10,,
"TB",2004,2004-05-25 00:00:00,1,20601,"MESOCYCLOPS EDAX",3.00,,
"TB",2004,2004-05-25 00:00:00,1,50700,"BOSMINIDAE",1.70,,
"TB",2004,2004-05-25 00:00:00,1,51000,"CHYDORUS",0.80,,
"TB",2004,2004-05-25 00:00:00,1,60200,"ASCOMORPHA",7.60,,
"TB",2004,2004-05-25 00:00:00,1,61702,"KELLICOTTIA LONGISPINA",0.60,,
"TB",2004,2004-05-25 00:00:00,1,61806,"KERATELLA QUADRATA",0.60,,
"TB",2004,2004-05-25 00:00:00,1,61808,"KERATELLA TAUROCEPHALA",2.80,,
"TB",2004,2004-05-25 00:00:00,1,61918,"LECANE TENUISETA",0.30,,
"TB",2004,2004-05-25 00:00:00,1,62406,"MONOSTYLA LUNARIS",0.30,,
"TB",2004,2004-05-25 00:00:00,1,63005,"POLYARTHRA VULGARIS",0.80,,
"TB",2004,2004-05-25 00:00:00,1,63602,"TRICHOCERCA BIROSTRIS",2.00,,
"TB",2004,2004-06-21 00:00:00,1,10000,"COPEPOD NAUPLII",8.70,,
"TB",2004,2004-06-21 00:00:00,1,20601,"MESOCYCLOPS EDAX",10.70,,
"TB",2004,2004-06-21 00:00:00,1,50700,"BOSMINIDAE",15.40,,
"TB",2004,2004-06-21 00:00:00,1,51000,"CHYDORUS",0.60,,
"TB",2004,2004-06-21 00:00:00,1,61808,"KERATELLA TAUROCEPHALA",8.70,,
"TB",2004,2004-06-21 00:00:00,1,63004,"POLYARTHRA REMATA",0.30,,
"TB",2004,2004-07-19 00:00:00,1,10000,"COPEPOD NAUPLII",4.50,,
"TB",2004,2004-07-19 00:00:00,1,20601,"MESOCYCLOPS EDAX",7.40,,
"TB",2004,2004-07-19 00:00:00,1,50700,"BOSMINIDAE",19.60,,
"TB",2004,2004-07-19 00:00:00,1,51130,"DAPHNIA PULICARIA",2.50,,
"TB",2004,2004-07-19 00:00:00,1,61808,"KERATELLA TAUROCEPHALA",2.20,,
"TB",2004,2004-08-17 00:00:00,1,10000,"COPEPOD NAUPLII",5.90,,
"TB",2004,2004-08-17 00:00:00,1,20601,"MESOCYCLOPS EDAX",5.30,,
"TB",2004,2004-08-17 00:00:00,1,50700,"BOSMINIDAE",12.00,,
"TB",2004,2004-08-17 00:00:00,1,51130,"DAPHNIA PULICARIA",4.50,,
"TB",2004,2004-08-17 00:00:00,1,63005,"POLYARTHRA VULGARIS",2.20,,
"TB",2004,2004-08-31 00:00:00,1,10000,"COPEPOD NAUPLII",11.80,,
"TB",2004,2004-08-31 00:00:00,1,20601,"MESOCYCLOPS EDAX",10.50,,
"TB",2004,2004-08-31 00:00:00,1,50700,"BOSMINIDAE",5.60,,
"TB",2004,2004-08-31 00:00:00,1,51000,"CHYDORUS",0.30,,
"TB",2004,2004-08-31 00:00:00,1,51130,"DAPHNIA PULICARIA",5.60,,
"TB",2004,2004-08-31 00:00:00,1,61808,"KERATELLA TAUROCEPHALA",0.30,,
"TB",2004,2004-08-31 00:00:00,1,61810,"KERATELLA TICINENSIS",0.30,,
"TB",2004,2004-08-31 00:00:00,1,63005,"POLYARTHRA VULGARIS",14.80,,
"TB",2004,2004-09-10 00:00:00,1,10000,"COPEPOD NAUPLII",6.40,,
"TB",2004,2004-09-10 00:00:00,1,20601,"MESOCYCLOPS EDAX",8.10,,
"TB",2004,2004-09-10 00:00:00,1,50700,"BOSMINIDAE",2.20,,
"TB",2004,2004-09-10 00:00:00,1,51130,"DAPHNIA PULICARIA",7.90,,
"TB",2004,2004-09-10 00:00:00,1,61800,"KERATELLA",0.60,,
"TB",2004,2004-09-10 00:00:00,1,61803,"KERATELLA CRASSA",0.30,,
"TB",2004,2004-09-10 00:00:00,1,63005,"POLYARTHRA VULGARIS",4.20,,
"TB",2004,2004-10-12 00:00:00,1,20601,"MESOCYCLOPS EDAX",3.40,,
"TB",2004,2004-10-12 00:00:00,1,50700,"BOSMINIDAE",7.30,,
"TB",2004,2004-10-12 00:00:00,1,51000,"CHYDORUS",0.30,,
"TB",2004,2004-10-12 00:00:00,1,51130,"DAPHNIA PULICARIA",9.00,,
"TB",2004,2004-10-12 00:00:00,1,62406,"MONOSTYLA LUNARIS",0.30,,
"TB",2004,2004-10-12 00:00:00,1,63004,"POLYARTHRA REMATA",0.30,,
"TB",2004,2004-10-12 00:00:00,1,63005,"POLYARTHRA VULGARIS",40.90,,
"TB",2004,2004-11-11 00:00:00,1,10000,"COPEPOD NAUPLII",0.60,,
"TB",2004,2004-11-11 00:00:00,1,20601,"MESOCYCLOPS EDAX",0.30,,
"TB",2004,2004-11-11 00:00:00,1,50700,"BOSMINIDAE",5.90,,
"TB",2004,2004-11-11 00:00:00,1,51000,"CHYDORUS",0.30,,
"TB",2004,2004-11-11 00:00:00,1,51130,"DAPHNIA PULICARIA",0.60,,
"TB",2004,2004-11-11 00:00:00,1,60200,"ASCOMORPHA",0.80,,
"TB",2004,2004-11-11 00:00:00,1,60400,"BRACHIONUS",1.10,,
"TB",2004,2004-11-11 00:00:00,1,61808,"KERATELLA TAUROCEPHALA",0.30,,
"TB",2004,2004-11-11 00:00:00,1,61900,"LECANE",0.30,,
"TB",2004,2004-11-11 00:00:00,1,62201,"MANFREDIUM EUDACTYLOTUM",0.30,,
"TB",2004,2004-11-11 00:00:00,1,63004,"POLYARTHRA REMATA",1.40,,
"TB",2004,2004-11-11 00:00:00,1,63005,"POLYARTHRA VULGARIS",9.80,,
"TB",2005,2005-02-15 00:00:00,1,10000,"COPEPOD NAUPLII",0.30,,
"TB",2005,2005-04-18 00:00:00,1,10000,"COPEPOD NAUPLII",9.20,,
"TB",2005,2005-04-18 00:00:00,1,20601,"MESOCYCLOPS EDAX",0.80,,
"TB",2005,2005-04-18 00:00:00,1,51130,"DAPHNIA PULICARIA",0.30,,
"TB",2005,2005-04-18 00:00:00,1,61801,"KERATELLA COCHLEARIS",0.80,,
"TB",2005,2005-04-18 00:00:00,1,61918,"LECANE TENUISETA",0.30,,
"TB",2005,2005-05-18 00:00:00,1,10000,"COPEPOD NAUPLII",10.10,,
"TB",2005,2005-05-18 00:00:00,1,20302,"DIACYCLOPS THOMASI",2.20,,
"TB",2005,2005-05-18 00:00:00,1,20601,"MESOCYCLOPS EDAX",3.70,,
"TB",2005,2005-05-18 00:00:00,1,50700,"BOSMINIDAE",0.30,,
"TB",2005,2005-05-18 00:00:00,1,51000,"CHYDORUS",0.60,,
"TB",2005,2005-05-18 00:00:00,1,61702,"KELLICOTTIA LONGISPINA",0.80,,
"TB",2005,2005-05-18 00:00:00,1,61801,"KERATELLA COCHLEARIS",0.30,,
"TB",2005,2005-05-18 00:00:00,1,61806,"KERATELLA QUADRATA",0.30,,
"TB",2005,2005-05-18 00:00:00,1,61809,"KERATELLA TESTUDO",3.40,,
"TB",2005,2005-05-18 00:00:00,1,62001,"LEPADELLA ACUMINATA",0.60,,
"TB",2005,2005-05-18 00:00:00,1,63005,"POLYARTHRA VULGARIS",2.00,,
"TB",2005,2005-06-16 00:00:00,1,10000,"COPEPOD NAUPLII",12.30,,
"TB",2005,2005-06-16 00:00:00,1,20601,"MESOCYCLOPS EDAX",13.10,,
"TB",2005,2005-06-16 00:00:00,1,50700,"BOSMINIDAE",10.60,,
"TB",2005,2005-06-16 00:00:00,1,51130,"DAPHNIA PULICARIA",2.80,,
"TB",2005,2005-06-16 00:00:00,1,61801,"KERATELLA COCHLEARIS",1.70,,
"TB",2005,2005-06-16 00:00:00,1,61808,"KERATELLA TAUROCEPHALA",0.30,,
"TB",2005,2005-06-16 00:00:00,1,61809,"KERATELLA TESTUDO",0.30,,
"TB",2005,2005-06-16 00:00:00,1,63005,"POLYARTHRA VULGARIS",5.00,,
"TB",2005,2005-07-11 00:00:00,1,10000,"COPEPOD NAUPLII",13.70,,
"TB",2005,2005-07-11 00:00:00,1,20601,"MESOCYCLOPS EDAX",13.20,,
"TB",2005,2005-07-11 00:00:00,1,50700,"BOSMINIDAE",8.70,,
"TB",2005,2005-07-11 00:00:00,1,51130,"DAPHNIA PULICARIA",6.70,,
"TB",2005,2005-07-11 00:00:00,1,61801,"KERATELLA COCHLEARIS",0.30,,
"TB",2005,2005-07-11 00:00:00,1,63005,"POLYARTHRA VULGARIS",14.80,,
"TB",2005,2005-08-08 00:00:00,1,10000,"COPEPOD NAUPLII",3.40,,
"TB",2005,2005-08-08 00:00:00,1,20601,"MESOCYCLOPS EDAX",3.70,,
"TB",2005,2005-08-08 00:00:00,1,51000,"CHYDORUS",0.30,,
"TB",2005,2005-08-08 00:00:00,1,51130,"DAPHNIA PULICARIA",3.10,,
"TB",2005,2005-08-08 00:00:00,1,61803,"KERATELLA CRASSA",0.30,,
"TB",2005,2005-08-08 00:00:00,1,63005,"POLYARTHRA VULGARIS",4.20,,
"TB",2005,2005-08-08 00:00:00,1,88888,"UNKNOWN ROTIFER",0.30,,
"TB",2005,2005-09-08 00:00:00,1,10000,"COPEPOD NAUPLII",2.00,,
"TB",2005,2005-09-08 00:00:00,1,20601,"MESOCYCLOPS EDAX",2.90,,
"TB",2005,2005-09-08 00:00:00,1,50700,"BOSMINIDAE",4.50,,
"TB",2005,2005-09-08 00:00:00,1,51000,"CHYDORUS",0.30,,
"TB",2005,2005-09-08 00:00:00,1,61502,"GASTROPUS STYLIFER",0.30,,
"TB",2005,2005-09-08 00:00:00,1,61801,"KERATELLA COCHLEARIS",0.30,,
"TB",2005,2005-09-08 00:00:00,1,63005,"POLYARTHRA VULGARIS",30.50,,
"TB",2005,2005-09-08 00:00:00,1,63400,"SYNCHAETA",0.30,,
"TB",2005,2005-10-05 00:00:00,1,20601,"MESOCYCLOPS EDAX",6.70,,
"TB",2005,2005-10-05 00:00:00,1,50700,"BOSMINIDAE",8.70,,
"TB",2005,2005-10-05 00:00:00,1,51000,"CHYDORUS",0.30,,
"TB",2005,2005-10-05 00:00:00,1,51130,"DAPHNIA PULICARIA",1.40,,
"TB",2005,2005-10-05 00:00:00,1,61801,"KERATELLA COCHLEARIS",0.30,,
"TB",2005,2005-10-05 00:00:00,1,61806,"KERATELLA QUADRATA",0.30,,
"TB",2005,2005-10-05 00:00:00,1,62000,"LEPADELLA",0.30,,
"TB",2005,2005-10-05 00:00:00,1,63005,"POLYARTHRA VULGARIS",2.20,,
"TB",2005,2005-10-05 00:00:00,1,88888,"UNKNOWN ROTIFER",0.60,,
"TB",2005,2005-11-17 00:00:00,1,50700,"BOSMINIDAE",296.80,,
"TB",2005,2005-11-17 00:00:00,1,51000,"CHYDORUS",0.30,,
"TB",2005,2005-11-17 00:00:00,1,60500,"CEPHALODELLA",1.10,,
"TB",2005,2005-11-17 00:00:00,1,61300,"EUCHLANIS",0.30,,
"TB",2005,2005-11-17 00:00:00,1,61800,"KERATELLA",1.70,,
"TB",2005,2005-11-17 00:00:00,1,61808,"KERATELLA TAUROCEPHALA",1.10,,
"TB",2005,2005-11-17 00:00:00,1,62406,"MONOSTYLA LUNARIS",0.80,,
"TB",2005,2005-11-17 00:00:00,1,62902,"PLOESOMA LENTICULARE",0.30,,
"TB",2005,2005-11-17 00:00:00,1,63005,"POLYARTHRA VULGARIS",29.40,,
"TB",2005,2005-11-17 00:00:00,1,63400,"SYNCHAETA",0.30,,
"TB",2005,2005-11-17 00:00:00,1,63700,"TRICHOTRIA",0.30,,
"TB",2006,2006-02-22 00:00:00,1,61800,"KERATELLA",0.30,,
"TB",2006,2006-04-18 00:00:00,1,10000,"COPEPOD NAUPLII",3.40,,
"TB",2006,2006-04-18 00:00:00,1,20601,"MESOCYCLOPS EDAX",7.00,,
"TB",2006,2006-04-18 00:00:00,1,61800,"KERATELLA",0.30,,
"TB",2006,2006-04-18 00:00:00,1,88888,"UNKNOWN ROTIFER",2.50,,
"TB",2006,2006-05-18 00:00:00,1,10000,"COPEPOD NAUPLII",16.00,,
"TB",2006,2006-05-18 00:00:00,1,20601,"MESOCYCLOPS EDAX",3.90,,
"TB",2006,2006-05-18 00:00:00,1,50700,"BOSMINIDAE",0.80,,
"TB",2006,2006-05-18 00:00:00,1,51000,"CHYDORUS",0.30,,
"TB",2006,2006-05-18 00:00:00,1,61701,"KELLICOTTIA BOSTONIENSIS",0.30,,
"TB",2006,2006-05-18 00:00:00,1,61800,"KERATELLA",0.60,,
"TB",2006,2006-05-18 00:00:00,1,61808,"KERATELLA TAUROCEPHALA",0.60,,
"TB",2006,2006-05-18 00:00:00,1,61810,"KERATELLA TICINENSIS",0.60,,
"TB",2006,2006-05-18 00:00:00,1,63003,"POLYARTHRA MAJOR",0.60,,
"TB",2006,2006-06-12 00:00:00,1,10000,"COPEPOD NAUPLII",16.00,30,0.20
"TB",2006,2006-06-12 00:00:00,1,20601,"MESOCYCLOPS EDAX",27.80,95,0.62
"TB",2006,2006-06-12 00:00:00,1,50700,"BOSMINIDAE",34.40,100,0.34
"TB",2006,2006-06-12 00:00:00,1,51000,"CHYDORUS",0.60,3,0.27
"TB",2006,2006-06-12 00:00:00,1,51130,"DAPHNIA PULICARIA",0.30,,
"TB",2006,2006-06-12 00:00:00,1,62000,"LEPADELLA",0.30,,
"TB",2006,2006-06-12 00:00:00,1,62406,"MONOSTYLA LUNARIS",0.30,,
"TB",2006,2006-07-11 00:00:00,1,10000,"COPEPOD NAUPLII",9.00,,
"TB",2006,2006-07-11 00:00:00,1,20601,"MESOCYCLOPS EDAX",13.80,,
"TB",2006,2006-07-11 00:00:00,1,50700,"BOSMINIDAE",16.80,,
"TB",2006,2006-07-11 00:00:00,1,51130,"DAPHNIA PULICARIA",1.10,,
"TB",2006,2006-07-11 00:00:00,1,62400,"MONOSTYLA",0.30,,
"TB",2006,2006-08-08 00:00:00,1,10000,"COPEPOD NAUPLII",1.70,,
"TB",2006,2006-08-08 00:00:00,1,20601,"MESOCYCLOPS EDAX",7.40,26,0.73
"TB",2006,2006-08-08 00:00:00,1,50700,"BOSMINIDAE",5.00,18,0.37
"TB",2006,2006-08-08 00:00:00,1,51130,"DAPHNIA PULICARIA",6.20,22,0.73
"TB",2006,2006-08-08 00:00:00,1,61801,"KERATELLA COCHLEARIS",0.60,,
"TB",2006,2006-08-08 00:00:00,1,61804,"KERATELLA EARLINAE",0.30,,
"TB",2006,2006-08-08 00:00:00,1,61900,"LECANE",0.30,1,0.19
"TB",2006,2006-09-07 00:00:00,1,10000,"COPEPOD NAUPLII",8.70,31,0.22
"TB",2006,2006-09-07 00:00:00,1,20601,"MESOCYCLOPS EDAX",21.00,70,0.73
"TB",2006,2006-09-07 00:00:00,1,50700,"BOSMINIDAE",13.20,46,0.40
"TB",2006,2006-09-07 00:00:00,1,51130,"DAPHNIA PULICARIA",8.70,30,0.73
"TB",2006,2006-09-07 00:00:00,1,61502,"GASTROPUS STYLIFER",1.40,,
"TB",2006,2006-09-07 00:00:00,1,61701,"KELLICOTTIA BOSTONIENSIS",6.20,,
"TB",2006,2006-09-07 00:00:00,1,61808,"KERATELLA TAUROCEPHALA",6.70,,
"TB",2006,2006-09-07 00:00:00,1,63004,"POLYARTHRA REMATA",0.30,,
"TB",2006,2006-09-07 00:00:00,1,63005,"POLYARTHRA VULGARIS",4.20,,
"TB",2006,2006-10-02 00:00:00,1,10000,"COPEPOD NAUPLII",2.00,7,0.26
"TB",2006,2006-10-02 00:00:00,1,20000,"CYCLOPOID",0.60,2,0.29
"TB",2006,2006-10-02 00:00:00,1,20601,"MESOCYCLOPS EDAX",8.20,29,0.79
"TB",2006,2006-10-02 00:00:00,1,50700,"BOSMINIDAE",4.20,15,0.41
"TB",2006,2006-10-02 00:00:00,1,51000,"CHYDORUS",1.40,5,0.22
"TB",2006,2006-10-02 00:00:00,1,51130,"DAPHNIA PULICARIA",16.20,57,0.86
"TB",2006,2006-10-02 00:00:00,1,62000,"LEPADELLA",0.30,,
"TB",2006,2006-10-02 00:00:00,1,62406,"MONOSTYLA LUNARIS",0.30,,
"TB",2006,2006-10-02 00:00:00,1,63005,"POLYARTHRA VULGARIS",38.90,,
"TB",2006,2006-11-01 00:00:00,1,20302,"DIACYCLOPS THOMASI",0.30,1,0.97
"TB",2006,2006-11-01 00:00:00,1,20601,"MESOCYCLOPS EDAX",1.70,6,0.91
"TB",2006,2006-11-01 00:00:00,1,50700,"BOSMINIDAE",7.30,26,0.44
"TB",2006,2006-11-01 00:00:00,1,51000,"CHYDORUS",1.70,6,0.30
"TB",2006,2006-11-01 00:00:00,1,51130,"DAPHNIA PULICARIA",7.20,25,1.17
"TB",2006,2006-11-01 00:00:00,1,61801,"KERATELLA COCHLEARIS",0.30,,
"TB",2006,2006-11-01 00:00:00,1,61911,"LECANE MIRA",0.60,2,0.10
"TB",2006,2006-11-01 00:00:00,1,62201,"MANFREDIUM EUDACTYLOTUM",0.30,,
"TB",2006,2006-11-01 00:00:00,1,63005,"POLYARTHRA VULGARIS",0.30,,
"TB",2006,2006-11-01 00:00:00,1,88888,"UNKNOWN ROTIFER",1.10,,
"TB",2007,2007-02-21 00:00:00,1,50700,"BOSMINIDAE",166.30,64,0.39
"TB",2007,2007-02-21 00:00:00,1,60200,"ASCOMORPHA",141.10,,
"TB",2007,2007-02-21 00:00:00,1,88888,"UNKNOWN ROTIFER",1.10,,
"TB",2007,2007-04-25 00:00:00,1,10000,"COPEPOD NAUPLII",3.40,,
"TB",2007,2007-04-25 00:00:00,1,20601,"MESOCYCLOPS EDAX",3.40,,
"TB",2007,2007-04-25 00:00:00,1,50700,"BOSMINIDAE",16.80,,
"TB",2007,2007-04-25 00:00:00,1,51000,"CHYDORUS",0.30,,
"TB",2007,2007-04-25 00:00:00,1,51130,"DAPHNIA PULICARIA",0.60,,
"TB",2007,2007-04-25 00:00:00,1,60200,"ASCOMORPHA",328.20,,
"TB",2007,2007-04-25 00:00:00,1,61800,"KERATELLA",0.60,,
"TB",2007,2007-04-25 00:00:00,1,61808,"KERATELLA TAUROCEPHALA",5.60,,
"TB",2007,2007-04-25 00:00:00,1,88888,"UNKNOWN ROTIFER",3.40,,
"TB",2007,2007-05-22 00:00:00,1,10000,"COPEPOD NAUPLII",30.80,,
"TB",2007,2007-05-22 00:00:00,1,20601,"MESOCYCLOPS EDAX",10.70,,
"TB",2007,2007-05-22 00:00:00,1,50700,"BOSMINIDAE",58.80,,
"TB",2007,2007-05-22 00:00:00,1,51000,"CHYDORUS",0.60,,
"TB",2007,2007-05-22 00:00:00,1,51130,"DAPHNIA PULICARIA",5.60,,
"TB",2007,2007-05-22 00:00:00,1,61804,"KERATELLA EARLINAE",0.30,,
"TB",2007,2007-05-22 00:00:00,1,61808,"KERATELLA TAUROCEPHALA",1.10,,
"TB",2007,2007-05-22 00:00:00,1,63005,"POLYARTHRA VULGARIS",1.40,,
"TB",2007,2007-06-18 00:00:00,1,10000,"COPEPOD NAUPLII",33.00,,
"TB",2007,2007-06-18 00:00:00,1,20601,"MESOCYCLOPS EDAX",14.10,,
"TB",2007,2007-06-18 00:00:00,1,50700,"BOSMINIDAE",15.70,,
"TB",2007,2007-06-18 00:00:00,1,51000,"CHYDORUS",0.30,,
"TB",2007,2007-06-18 00:00:00,1,51130,"DAPHNIA PULICARIA",21.00,,
"TB",2007,2007-06-18 00:00:00,1,51801,"HOLOPEDIUM GIBBERUM",0.30,,
"TB",2007,2007-06-18 00:00:00,1,61808,"KERATELLA TAUROCEPHALA",3.60,,
"TB",2007,2007-06-18 00:00:00,1,63005,"POLYARTHRA VULGARIS",21.30,15,0.12
"TB",2007,2007-07-17 00:00:00,1,10000,"COPEPOD NAUPLII",5.60,,
"TB",2007,2007-07-17 00:00:00,1,20302,"DIACYCLOPS THOMASI",0.30,,
"TB",2007,2007-07-17 00:00:00,1,20601,"MESOCYCLOPS EDAX",5.10,,
"TB",2007,2007-07-17 00:00:00,1,30000,"CALANOID",0.30,,
"TB",2007,2007-07-17 00:00:00,1,50700,"BOSMINIDAE",4.50,,
"TB",2007,2007-07-17 00:00:00,1,51130,"DAPHNIA PULICARIA",8.70,,
"TB",2007,2007-07-17 00:00:00,1,60900,"CONOCHILUS",0.60,,
"TB",2007,2007-07-17 00:00:00,1,61810,"KERATELLA TICINENSIS",0.30,,
"TB",2007,2007-07-17 00:00:00,1,62400,"MONOSTYLA",0.30,,
"TB",2007,2007-07-17 00:00:00,1,63005,"POLYARTHRA VULGARIS",19.00,,
"TB",2007,2007-08-13 00:00:00,1,20601,"MESOCYCLOPS EDAX",0.30,,
"TB",2007,2007-08-13 00:00:00,1,61502,"GASTROPUS STYLIFER",0.30,,
"TB",2007,2007-08-13 00:00:00,1,61701,"KELLICOTTIA BOSTONIENSIS",0.30,,
"TB",2007,2007-08-13 00:00:00,1,61808,"KERATELLA TAUROCEPHALA",0.30,,
"TB",2007,2007-08-13 00:00:00,1,63005,"POLYARTHRA VULGARIS",1.40,,
"TB",2007,2007-09-13 00:00:00,1,10000,"COPEPOD NAUPLII",106.40,,
"TB",2007,2007-09-13 00:00:00,1,20901,"TROPOCYCLOPS PRASINUS MEXICANUS",56.00,8,0.50
"TB",2007,2007-09-13 00:00:00,1,30000,"CALANOID",0.30,,
"TB",2007,2007-09-13 00:00:00,1,30801,"SKISTODIAPTOMUS OREGONENSIS",1.10,,
"TB",2007,2007-09-13 00:00:00,1,50700,"BOSMINIDAE",6.70,,
"TB",2007,2007-09-13 00:00:00,1,51000,"CHYDORUS",0.30,,
"TB",2007,2007-09-13 00:00:00,1,60200,"ASCOMORPHA",109.20,24,0.13
"TB",2007,2007-09-13 00:00:00,1,60800,"CONOCHILOIDES",8.40,,
"TB",2007,2007-09-13 00:00:00,1,61702,"KELLICOTTIA LONGISPINA",2.80,,
"TB",2007,2007-09-13 00:00:00,1,61805,"KERATELLA HIEMALIS",2.80,,
"TB",2007,2007-09-13 00:00:00,1,61808,"KERATELLA TAUROCEPHALA",3729.60,37,0.11
"TB",2007,2007-09-13 00:00:00,1,63005,"POLYARTHRA VULGARIS",25.20,10,0.12
"TB",2007,2007-09-13 00:00:00,1,63400,"SYNCHAETA",2.80,7,0.18
"TB",2007,2007-09-13 00:00:00,1,63612,"TRICHOCERCA MULTICRINIS",8.40,1,0.19
"TB",2007,2007-10-09 00:00:00,1,10000,"COPEPOD NAUPLII",2.80,,
"TB",2007,2007-10-09 00:00:00,1,20901,"TROPOCYCLOPS PRASINUS MEXICANUS",37.50,4,0.50
"TB",2007,2007-10-09 00:00:00,1,30801,"SKISTODIAPTOMUS OREGONENSIS",37.00,,
"TB",2007,2007-10-09 00:00:00,1,50000,"CLADOCERAN",1.40,,
"TB",2007,2007-10-09 00:00:00,1,50700,"BOSMINIDAE",0.30,,
"TB",2007,2007-10-09 00:00:00,1,51000,"CHYDORUS",0.30,,
"TB",2007,2007-10-09 00:00:00,1,60200,"ASCOMORPHA",19.60,,
"TB",2007,2007-10-09 00:00:00,1,61502,"GASTROPUS STYLIFER",2.80,1,0.09
"TB",2007,2007-10-09 00:00:00,1,61805,"KERATELLA HIEMALIS",4667.60,,
"TB",2007,2007-10-09 00:00:00,1,61808,"KERATELLA TAUROCEPHALA",2.80,9,0.11
"TB",2007,2007-10-09 00:00:00,1,63005,"POLYARTHRA VULGARIS",2.80,,
"TB",2007,2007-10-09 00:00:00,1,63602,"TRICHOCERCA BIROSTRIS",5.60,,
"TB",2007,2007-11-15 00:00:00,1,20901,"TROPOCYCLOPS PRASINUS MEXICANUS",36.40,4,0.51
"TB",2007,2007-11-15 00:00:00,1,30801,"SKISTODIAPTOMUS OREGONENSIS",0.80,,
"TB",2007,2007-11-15 00:00:00,1,50700,"BOSMINIDAE",22.70,,
"TB",2007,2007-11-15 00:00:00,1,51000,"CHYDORUS",0.60,,
"TB",2007,2007-11-15 00:00:00,1,61808,"KERATELLA TAUROCEPHALA",2427.60,2,0.11
"TB",2007,2007-11-15 00:00:00,1,63400,"SYNCHAETA",243.60,15,0.21
"TB",2008,2008-02-25 00:00:00,1,61808,"KERATELLA TAUROCEPHALA",0.30,,
"TB",2008,2008-05-08 00:00:00,1,10000,"COPEPOD NAUPLII",3.90,,
"TB",2008,2008-05-08 00:00:00,1,20000,"CYCLOPOID",0.60,,
"TB",2008,2008-05-08 00:00:00,1,60203,"ASCOMORPHA SALTANS",1.70,,
"TB",2008,2008-05-08 00:00:00,1,61502,"GASTROPUS STYLIFER",0.30,,
"TB",2008,2008-05-08 00:00:00,1,61800,"KERATELLA",0.30,,
"TB",2008,2008-05-08 00:00:00,1,63400,"SYNCHAETA",12.90,15,0.18
"TB",2008,2008-05-08 00:00:00,1,63612,"TRICHOCERCA MULTICRINIS",0.30,1,0.22
"TB",2008,2008-06-03 00:00:00,1,10000,"COPEPOD NAUPLII",13.20,,
"TB",2008,2008-06-03 00:00:00,1,20302,"DIACYCLOPS THOMASI",,1,0.71
"TB",2008,2008-06-03 00:00:00,1,20601,"MESOCYCLOPS EDAX",2.80,22,0.62
"TB",2008,2008-06-03 00:00:00,1,30000,"CALANOID",0.60,2,0.65
"TB",2008,2008-06-03 00:00:00,1,30801,"SKISTODIAPTOMUS OREGONENSIS",0.30,1,1.21
"TB",2008,2008-06-03 00:00:00,1,50700,"BOSMINIDAE",7.30,,
"TB",2008,2008-06-03 00:00:00,1,51000,"CHYDORUS",0.30,,
"TB",2008,2008-06-03 00:00:00,1,51130,"DAPHNIA PULICARIA",2.80,,
"TB",2008,2008-06-03 00:00:00,1,60200,"ASCOMORPHA",0.60,,
"TB",2008,2008-06-03 00:00:00,1,60800,"CONOCHILOIDES",0.60,1,0.07
"TB",2008,2008-06-03 00:00:00,1,61808,"KERATELLA TAUROCEPHALA",18.50,,
"TB",2008,2008-06-03 00:00:00,1,63005,"POLYARTHRA VULGARIS",3.60,,
"TB",2008,2008-06-03 00:00:00,1,63400,"SYNCHAETA",0.80,,
"TB",2008,2008-06-30 00:00:00,1,10000,"COPEPOD NAUPLII",4.50,,
"TB",2008,2008-06-30 00:00:00,1,20601,"MESOCYCLOPS EDAX",4.00,39,0.85
"TB",2008,2008-06-30 00:00:00,1,30000,"CALANOID",1.70,14,0.58
"TB",2008,2008-06-30 00:00:00,1,30801,"SKISTODIAPTOMUS OREGONENSIS",0.60,2,1.10
"TB",2008,2008-06-30 00:00:00,1,50700,"BOSMINIDAE",10.90,,
"TB",2008,2008-06-30 00:00:00,1,51130,"DAPHNIA PULICARIA",4.80,17,0.87
"TB",2008,2008-06-30 00:00:00,1,61808,"KERATELLA TAUROCEPHALA",11.50,3,0.11
"TB",2008,2008-06-30 00:00:00,1,63005,"POLYARTHRA VULGARIS",9.80,3,0.12
"TB",2008,2008-06-30 00:00:00,1,63602,"TRICHOCERCA BIROSTRIS",1.10,,
"TB",2008,2008-07-28 00:00:00,1,10000,"COPEPOD NAUPLII",7.80,,
"TB",2008,2008-07-28 00:00:00,1,20601,"MESOCYCLOPS EDAX",8.10,23,1.05
"TB",2008,2008-07-28 00:00:00,1,30000,"CALANOID",1.10,4,0.75
"TB",2008,2008-07-28 00:00:00,1,30801,"SKISTODIAPTOMUS OREGONENSIS",0.30,1,1.17
"TB",2008,2008-07-28 00:00:00,1,50700,"BOSMINIDAE",2.20,,
"TB",2008,2008-07-28 00:00:00,1,51130,"DAPHNIA PULICARIA",0.30,1,1.17
"TB",2008,2008-07-28 00:00:00,1,60900,"CONOCHILUS",0.30,,
"TB",2008,2008-07-28 00:00:00,1,61801,"KERATELLA COCHLEARIS",0.30,,
"TB",2008,2008-07-28 00:00:00,1,61803,"KERATELLA CRASSA",1.70,,
"TB",2008,2008-07-28 00:00:00,1,61808,"KERATELLA TAUROCEPHALA",1.10,1,0.11
"TB",2008,2008-07-28 00:00:00,1,63005,"POLYARTHRA VULGARIS",3.40,,
"TB",2008,2008-07-28 00:00:00,1,63612,"TRICHOCERCA MULTICRINIS",0.30,,
"TB",2008,2008-08-26 00:00:00,1,10000,"COPEPOD NAUPLII",1.70,,
"TB",2008,2008-08-26 00:00:00,1,20000,"CYCLOPOID",0.30,,
"TB",2008,2008-08-26 00:00:00,1,20601,"MESOCYCLOPS EDAX",6.10,20,0.92
"TB",2008,2008-08-26 00:00:00,1,30000,"CALANOID",0.60,2,0.97
"TB",2008,2008-08-26 00:00:00,1,30801,"SKISTODIAPTOMUS OREGONENSIS",0.30,1,1.28
"TB",2008,2008-08-26 00:00:00,1,50700,"BOSMINIDAE",0.30,,
"TB",2008,2008-08-26 00:00:00,1,61808,"KERATELLA TAUROCEPHALA",0.30,,
"TB",2008,2008-09-23 00:00:00,1,10000,"COPEPOD NAUPLII",1.40,,
"TB",2008,2008-09-23 00:00:00,1,20601,"MESOCYCLOPS EDAX",4.00,30,0.82
"TB",2008,2008-09-23 00:00:00,1,30000,"CALANOID",1.40,10,0.88
"TB",2008,2008-09-23 00:00:00,1,30801,"SKISTODIAPTOMUS OREGONENSIS",,2,1.10
"TB",2008,2008-09-23 00:00:00,1,50700,"BOSMINIDAE",7.60,,
"TB",2008,2008-09-23 00:00:00,1,51000,"CHYDORUS",0.30,1,0.22
"TB",2008,2008-09-23 00:00:00,1,51130,"DAPHNIA PULICARIA",3.10,,
"TB",2008,2008-09-23 00:00:00,1,51801,"HOLOPEDIUM GIBBERUM",,2,0.52
"TB",2008,2008-09-23 00:00:00,1,61808,"KERATELLA TAUROCEPHALA",0.30,,
"TB",2008,2008-09-23 00:00:00,1,63005,"POLYARTHRA VULGARIS",0.30,,
"TB",2008,2008-10-21 00:00:00,1,10000,"COPEPOD NAUPLII",0.30,,
"TB",2008,2008-10-21 00:00:00,1,20302,"DIACYCLOPS THOMASI",0.80,2,0.70
"TB",2008,2008-10-21 00:00:00,1,20601,"MESOCYCLOPS EDAX",3.70,12,0.75
"TB",2008,2008-10-21 00:00:00,1,30801,"SKISTODIAPTOMUS OREGONENSIS",3.30,25,1.15
"TB",2008,2008-10-21 00:00:00,1,50700,"BOSMINIDAE",24.90,,
"TB",2008,2008-10-21 00:00:00,1,51130,"DAPHNIA PULICARIA",2.60,,
"TB",2008,2008-10-21 00:00:00,1,60200,"ASCOMORPHA",0.60,,
"TB",2008,2008-10-21 00:00:00,1,62406,"MONOSTYLA LUNARIS",0.60,,
"TB",2008,2008-10-21 00:00:00,1,63005,"POLYARTHRA VULGARIS",0.60,,
"TB",2008,2008-10-21 00:00:00,1,63400,"SYNCHAETA",0.30,,
"TB",2008,2008-11-11 00:00:00,1,20302,"DIACYCLOPS THOMASI",0.30,2,1.06
"TB",2008,2008-11-11 00:00:00,1,30801,"SKISTODIAPTOMUS OREGONENSIS",3.10,22,1.17
"TB",2008,2008-11-11 00:00:00,1,50700,"BOSMINIDAE",45.10,,
"TB",2008,2008-11-11 00:00:00,1,51130,"DAPHNIA PULICARIA",0.30,,
"TB",2008,2008-11-11 00:00:00,1,60200,"ASCOMORPHA",0.60,,
"TB",2008,2008-11-11 00:00:00,1,61801,"KERATELLA COCHLEARIS",1.10,,
"TB",2008,2008-11-11 00:00:00,1,61808,"KERATELLA TAUROCEPHALA",0.30,,
"TB",2008,2008-11-11 00:00:00,1,62000,"LEPADELLA",0.30,,
"TB",2008,2008-11-11 00:00:00,1,62201,"MANFREDIUM EUDACTYLOTUM",0.30,,
"TB",2008,2008-11-11 00:00:00,1,62406,"MONOSTYLA LUNARIS",0.30,,
"TB",2008,2008-11-11 00:00:00,1,63005,"POLYARTHRA VULGARIS",2.00,,
"TB",2009,2009-02-17 00:00:00,1,50700,"BOSMINIDAE",0.56,1,0.36
"TB",2009,2009-02-17 00:00:00,1,61806,"KERATELLA QUADRATA",0.56,1,0.15
"TB",2009,2009-04-28 00:00:00,1,10000,"COPEPOD NAUPLII",1.68,,
"TB",2009,2009-04-28 00:00:00,1,20601,"MESOCYCLOPS EDAX",1.68,3,1.09
"TB",2009,2009-04-28 00:00:00,1,50700,"BOSMINIDAE",0.56,1,0.36
"TB",2009,2009-04-28 00:00:00,1,60200,"ASCOMORPHA",0.56,,
"TB",2009,2009-04-28 00:00:00,1,61200,"ENCENTRUM",0.56,1,0.13
"TB",2009,2009-04-28 00:00:00,1,88888,"UNKNOWN ROTIFER",0.56,,
"TB",2009,2009-05-29 00:00:00,1,10000,"COPEPOD NAUPLII",12.32,,
"TB",2009,2009-05-29 00:00:00,1,20000,"CYCLOPOID",1.12,2,0.43
"TB",2009,2009-05-29 00:00:00,1,20601,"MESOCYCLOPS EDAX",3.36,4,0.86
"TB",2009,2009-05-29 00:00:00,1,50700,"BOSMINIDAE",2.80,5,0.32
"TB",2009,2009-05-29 00:00:00,1,51130,"DAPHNIA PULICARIA",1.12,2,1.29
"TB",2009,2009-05-29 00:00:00,1,61805,"KERATELLA HIEMALIS",0.56,,
"TB",2009,2009-05-29 00:00:00,1,62407,"MONOSTYLA OBTUSA",0.56,,
"TB",2009,2009-06-22 00:00:00,1,10000,"COPEPOD NAUPLII",24.36,,
"TB",2009,2009-06-22 00:00:00,1,20000,"CYCLOPOID",0.56,2,0.41
"TB",2009,2009-06-22 00:00:00,1,20601,"MESOCYCLOPS EDAX",20.72,59,0.93
"TB",2009,2009-06-22 00:00:00,1,50700,"BOSMINIDAE",62.16,30,0.36
"TB",2009,2009-06-22 00:00:00,1,51000,"CHYDORUS",0.56,2,0.22
"TB",2009,2009-06-22 00:00:00,1,51130,"DAPHNIA PULICARIA",8.12,25,0.78
"TB",2009,2009-06-22 00:00:00,1,53200,"SCAPHOLEBERIS",0.56,1,0.71
"TB",2009,2009-06-22 00:00:00,1,60300,"ASPLANCHNA",0.28,,
"TB",2009,2009-06-22 00:00:00,1,62406,"MONOSTYLA LUNARIS",0.28,,
"TB",2009,2009-06-22 00:00:00,1,63004,"POLYARTHRA REMATA",1.12,,
"TB",2009,2009-06-22 00:00:00,1,63005,"POLYARTHRA VULGARIS",2.52,,
"TB",2009,2009-06-22 00:00:00,1,63612,"TRICHOCERCA MULTICRINIS",1.12,,
"TB",2009,2009-07-21 00:00:00,1,10000,"COPEPOD NAUPLII",3.36,,
"TB",2009,2009-07-21 00:00:00,1,20000,"CYCLOPOID",0.56,2,0.42
"TB",2009,2009-07-21 00:00:00,1,20601,"MESOCYCLOPS EDAX",7.00,16,1.08
"TB",2009,2009-07-21 00:00:00,1,30801,"SKISTODIAPTOMUS OREGONENSIS",0.28,1,1.34
"TB",2009,2009-07-21 00:00:00,1,50700,"BOSMINIDAE",1.12,3,0.41
"TB",2009,2009-07-21 00:00:00,1,51130,"DAPHNIA PULICARIA",7.28,25,0.88
"TB",2009,2009-07-21 00:00:00,1,63005,"POLYARTHRA VULGARIS",2.80,,
"TB",2009,2009-08-17 00:00:00,1,10000,"COPEPOD NAUPLII",3.64,,
"TB",2009,2009-08-17 00:00:00,1,20601,"MESOCYCLOPS EDAX",3.36,12,1.08
"TB",2009,2009-08-17 00:00:00,1,50700,"BOSMINIDAE",0.84,3,0.32
"TB",2009,2009-08-17 00:00:00,1,51130,"DAPHNIA PULICARIA",2.52,9,0.84
"TB",2009,2009-08-17 00:00:00,1,61502,"GASTROPUS STYLIFER",0.28,,
"TB",2009,2009-08-17 00:00:00,1,61801,"KERATELLA COCHLEARIS",0.28,,
"TB",2009,2009-08-17 00:00:00,1,63005,"POLYARTHRA VULGARIS",1.12,,
"TB",2009,2009-09-15 00:00:00,1,10000,"COPEPOD NAUPLII",6.44,,
"TB",2009,2009-09-15 00:00:00,1,20000,"CYCLOPOID",4.20,12,0.50
"TB",2009,2009-09-15 00:00:00,1,20601,"MESOCYCLOPS EDAX",15.12,40,0.82
"TB",2009,2009-09-15 00:00:00,1,30000,"CALANOID",2.80,7,0.77
"TB",2009,2009-09-15 00:00:00,1,30801,"SKISTODIAPTOMUS OREGONENSIS",0.56,1,1.12
"TB",2009,2009-09-15 00:00:00,1,50700,"BOSMINIDAE",13.16,25,0.34
"TB",2009,2009-09-15 00:00:00,1,51130,"DAPHNIA PULICARIA",2.52,8,0.81
"TB",2009,2009-09-15 00:00:00,1,51800,"HOLOPEDIUM",0.28,,
"TB",2009,2009-09-15 00:00:00,1,51801,"HOLOPEDIUM GIBBERUM",14.84,25,0.63
"TB",2009,2009-09-15 00:00:00,1,61502,"GASTROPUS STYLIFER",1.40,,
"TB",2009,2009-09-15 00:00:00,1,61801,"KERATELLA COCHLEARIS",0.28,,
"TB",2009,2009-09-15 00:00:00,1,61803,"KERATELLA CRASSA",0.28,,
"TB",2009,2009-09-15 00:00:00,1,61804,"KERATELLA EARLINAE",0.28,,
"TB",2009,2009-09-15 00:00:00,1,61810,"KERATELLA TICINENSIS",0.28,,
"TB",2009,2009-09-15 00:00:00,1,63004,"POLYARTHRA REMATA",0.28,,
"TB",2009,2009-09-15 00:00:00,1,63005,"POLYARTHRA VULGARIS",21.84,,
"TB",2009,2009-10-12 00:00:00,1,10000,"COPEPOD NAUPLII",1.12,,
"TB",2009,2009-10-12 00:00:00,1,20000,"CYCLOPOID",0.28,1,0.47
"TB",2009,2009-10-12 00:00:00,1,20302,"DIACYCLOPS THOMASI",0.28,1,0.70
"TB",2009,2009-10-12 00:00:00,1,20601,"MESOCYCLOPS EDAX",5.60,11,0.67
"TB",2009,2009-10-12 00:00:00,1,30801,"SKISTODIAPTOMUS OREGONENSIS",0.84,1,1.21
"TB",2009,2009-10-12 00:00:00,1,50700,"BOSMINIDAE",12.32,25,0.38
"TB",2009,2009-10-12 00:00:00,1,51130,"DAPHNIA PULICARIA",1.12,2,0.73
"TB",2009,2009-10-12 00:00:00,1,51801,"HOLOPEDIUM GIBBERUM",4.20,7,0.61
"TB",2009,2009-10-12 00:00:00,1,60200,"ASCOMORPHA",0.28,,
"TB",2009,2009-10-12 00:00:00,1,62005,"LEPADELLA PATELLA",0.28,,
"TB",2009,2009-10-12 00:00:00,1,62400,"MONOSTYLA",0.28,,
"TB",2009,2009-10-12 00:00:00,1,63005,"POLYARTHRA VULGARIS",1.68,,
"TB",2009,2009-11-16 00:00:00,1,10000,"COPEPOD NAUPLII",0.28,,
"TB",2009,2009-11-16 00:00:00,1,20000,"CYCLOPOID",0.28,1,0.46
"TB",2009,2009-11-16 00:00:00,1,20302,"DIACYCLOPS THOMASI",1.40,4,1.05
"TB",2009,2009-11-16 00:00:00,1,20601,"MESOCYCLOPS EDAX",0.56,2,0.75
"TB",2009,2009-11-16 00:00:00,1,30801,"SKISTODIAPTOMUS OREGONENSIS",2.52,9,1.24
"TB",2009,2009-11-16 00:00:00,1,50000,"CLADOCERAN",0.28,1,0.31
"TB",2009,2009-11-16 00:00:00,1,50700,"BOSMINIDAE",21.28,40,0.41
"TB",2009,2009-11-16 00:00:00,1,51000,"CHYDORUS",0.56,2,0.32
"TB",2009,2009-11-16 00:00:00,1,51130,"DAPHNIA PULICARIA",0.28,1,0.86
"TB",2009,2009-11-16 00:00:00,1,51801,"HOLOPEDIUM GIBBERUM",1.68,6,0.67
"TB",2009,2009-11-16 00:00:00,1,60203,"ASCOMORPHA SALTANS",0.84,,
"TB",2009,2009-11-16 00:00:00,1,62000,"LEPADELLA",0.28,,
"TB",2009,2009-11-16 00:00:00,1,63005,"POLYARTHRA VULGARIS",5.04,,
